use airport_dbms;

INSERT INTO airport_dbms.Type_of_plane (Model, Fuel_Capacity, Maximum_Range, Weight, Seating_Capacity)
VALUES
  ('Boeing 737', 20000, 3500, 75000.00, 160),
  ('Airbus A320', 18000, 3200, 72000.00, 180),
  ('Embraer E190', 13000, 2600, 55000.00, 100),
  ('Boeing 777', 45000, 7500, 250000.00, 350),
  ('Bombardier CRJ900', 14000, 2300, 60000.00, 90),
  ('Airbus A350', 30000, 8000, 280000.00, 300),
  ('Boeing 747', 50000, 9000, 300000.00, 400),
  ('Embraer E145', 10000, 2000, 45000.00, 50),
  ('Airbus A380', 60000, 10000, 350000.00, 550),
  ('Bombardier Dash 8', 12000, 2200, 50000.00, 80),
  ('Airbus A321neo', 19000, 3300, 68000.00, 200),
  ('Boeing 737 MAX 8', 21000, 3600, 76000.00, 170),
  ('Bombardier CRJ1000', 10000, 1900, 42000.00, 50),
  ('Embraer E195-E2', 16000, 2700, 62000.00, 120),
  ('Airbus A220', 23000, 4800, 190000.00, 200);
  
INSERT INTO airport_dbms.Airport_apron (Apron_number, Apron_type, Aircraft_Capacity, Apron_status)
VALUES
  (1, 'Passenger Gate Apron', 20, 'Operational'),
  (2, 'Cargo Apron', 10, 'Under Maintenance'),
  (3, 'Maintenance Apron', 6, 'Operational'),
  (4, 'Passenger Gate Apron', 24, 'Closed'),
  (5, 'Cargo Apron', 16, 'Operational'),
  (6, 'Passenger Gate Apron', 30, 'Operational'),
  (7, 'Maintenance Apron', 8, 'Operational'),
  (8, 'Cargo Apron', 12, 'Operational'),
  (9, 'Passenger Gate Apron', 18, 'Operational'),
  (10, 'Cargo Apron', 14, 'Operational'),
  (11, 'Maintenance Apron', 4, 'Under Maintenance'),
  (12, 'Cargo Apron', 10, 'Operational'),
  (13, 'Passenger Gate Apron', 22, 'Operational'),
  (14, 'Cargo Apron', 8, 'Closed'),
  (15, 'Passenger Gate Apron', 16, 'Operational');

INSERT INTO airport_dbms.Airplane (Registration_number, Model, Manufacturer, Apron_number, owner_id, Maintenance_Status, Purchase_date, Last_Maintenance_Date)
VALUES
(1001, 'Boeing 737', 'Boeing',8,2, 'Ready for Service', '2014-09-25', '2023-07-01'),
(1002, 'Airbus A320', 'Airbus',15,5, 'In Maintenance','2008-12-27', '2023-06-15'),
(1003, 'Embraer E190', 'Embraer',5,15, 'Ready for Service','2005-06-20', '2023-07-10'),
(1004, 'Boeing 777', 'Boeing',7,5, 'Grounded','2000-05-17', '2023-05-20'),
(1005, 'Bombardier CRJ900', 'Bombardier',1,1, 'Ready for Service','2009-12-31', '2023-07-05'),
(1006, 'Airbus A220', 'Airbus',13,10, 'Ready for Service','2003-03-18', '2023-06-29'),
(1007, 'Boeing 747', 'Boeing',1,6, 'Ready for Service','2004-12-25', '2023-07-03'),
(1008, 'Embraer E195-E2', 'Embraer',6,10, 'Ready for Service','2014-01-29', '2023-07-12'),
(1009, 'Airbus A321neo', 'Airbus',10,10, 'In Maintenance','2018-01-25', '2023-07-07'),
(1010, 'Bombardier CRJ1000', 'Bombardier',6,7, 'Grounded','2009-03-29', '2023-05-25'),
(1011, 'Airbus A350', 'Airbus',3,6, 'Ready for Service','2009-03-21', '2023-07-02'),
(1012, 'Embraer E145', 'Embraer',13,11, 'Ready for Service','2009-10-29', '2023-06-18'),
(1013, 'Boeing 777', 'Boeing',6,2, 'In Maintenance','2001-04-18', '2023-07-11'),
(1014, 'Bombardier CRJ900', 'Bombardier',9,15, 'Grounded','2013-08-15', '2023-06-02'),
(1015, 'Airbus A220', 'Airbus',4,8, 'Ready for Service','2009-04-28', '2023-07-06'),
(1016, 'Boeing 737', 'Boeing',15,4, 'Ready for Service','2006-12-16', '2023-07-01'),
(1017, 'Airbus A320', 'Airbus',10,9, 'In Maintenance','2014-03-22', '2023-06-15'),
(1018, 'Embraer E190', 'Embraer',13,1, 'Ready for Service','2011-06-08', '2023-07-10'),
(1019, 'Boeing 777', 'Boeing',1,10, 'Grounded','2011-05-01', '2023-05-20'),
(1020, 'Bombardier Dash 8', 'Bombardier',12,7, 'Ready for Service','2000-07-24', '2023-07-05'),
(1021, 'Airbus A220', 'Airbus',1,10, 'Ready for Service','2009-09-15', '2023-06-29'),
(1022, 'Boeing 737 MAX 8', 'Boeing',11,8, 'Ready for Service','2014-01-29', '2023-07-03'),
(1023, 'Embraer E195-E2', 'Embraer',9,11, 'Ready for Service','2005-03-15', '2023-07-12'),
(1024, 'Airbus A321neo', 'Airbus',8,1, 'In Maintenance','2005-09-10', '2023-07-07'),
(1025, 'Bombardier CRJ1000', 'Bombardier',5,11, 'Grounded','2007-09-12', '2023-05-25'),
(1026, 'Airbus A350', 'Airbus',1,14, 'Ready for Service','2003-03-18', '2023-07-02'),
(1027, 'Embraer E190', 'Embraer',4,6, 'Ready for Service','2017-12-22', '2023-06-18'),
(1028, 'Boeing 777', 'Boeing',4,9, 'In Maintenance','2009-03-29', '2023-07-11'),
(1029, 'Bombardier CRJ900', 'Bombardier',6,10, 'Grounded','2013-08-15', '2023-06-02'),
(1030, 'Airbus A220', 'Airbus',7,6, 'Ready for Service','2000-06-20', '2023-07-06'),
(1031, 'Boeing 737 MAX 8', 'Boeing',9,9, 'Ready for Service','2018-03-10', '2023-07-15'),
(1032, 'Airbus A380', 'Airbus',6,7, 'In Maintenance','2015-11-25', '2023-08-12'),
(1033, 'Embraer E195-E2', 'Embraer',12,9, 'Ready for Service','2011-08-19', '2023-08-07'),
(1034, 'Bombardier CRJ1000', 'Bombardier',5,3, 'Grounded','2018-01-01', '2023-09-25'),
(1035, 'Airbus A320', 'Airbus',15,3, 'Ready for Service','2013-10-27', '2023-08-02'),
(1036, 'Boeing 737', 'Boeing',4,11, 'Ready for Service','2011-06-29', '2023-08-18'),
(1037, 'Embraer E145', 'Embraer',7,9, 'In Maintenance','2011-06-29', '2023-09-11'),
(1038, 'Bombardier CRJ900', 'Bombardier',8,4, 'Grounded','2010-11-03', '2023-08-02'),
(1039, 'Airbus A220', 'Airbus',14,8, 'Ready for Service','2007-04-05', '2023-09-06'),
(1040, 'Boeing 737 MAX 8', 'Boeing',2,9, 'Ready for Service','2009-09-15', '2023-08-01'),
(1041, 'Airbus A380', 'Airbus',9,1, 'In Maintenance','2007-11-25', '2023-09-15'),
(1042, 'Embraer E195-E2', 'Embraer',10,8, 'Ready for Service','2011-05-01', '2023-08-10'),
(1043, 'Bombardier CRJ1000', 'Bombardier',1,6, 'Grounded','2013-12-19', '2023-09-20'),
(1044, 'Airbus A320', 'Airbus',4,13, 'Ready for Service','2015-06-05', '2023-08-15'),
(1045, 'Boeing 737', 'Boeing',11,8, 'Ready for Service','2015-12-30', '2023-09-01'),
(1046, 'Embraer E190', 'Embraer',6,9, 'In Maintenance','2011-03-31', '2023-08-29'),
(1047, 'Bombardier Dash 8', 'Bombardier',5,11, 'Grounded','2016-01-15', '2023-09-14'),
(1048, 'Airbus A220', 'Airbus',3,6, 'Ready for Service','2007-02-15', '2023-08-20'),
(1049, 'Boeing 737 MAX 8', 'Boeing',6,2, 'Ready for Service','2012-07-30', '2023-08-11'),
(1050, 'Airbus A321neo', 'Airbus',13,4, 'In Maintenance','2004-10-08', '2023-09-22'),
(1051, 'Embraer E195-E2', 'Embraer',15,2, 'Ready for Service','2010-01-15', '2023-09-11'),
(1052, 'Bombardier CRJ1000', 'Bombardier',1,7, 'Grounded','2011-03-31', '2023-10-25'),
(1053, 'Airbus A320', 'Airbus',8,7, 'Ready for Service','2017-12-20', '2023-09-02'),
(1054, 'Boeing 737', 'Boeing',6,10, 'Ready for Service','2001-01-20', '2023-09-19'),
(1055, 'Embraer E190', 'Embraer',6,11, 'In Maintenance','2003-01-08', '2023-10-22'),
(1056, 'Bombardier CRJ900', 'Bombardier',7,4, 'Grounded','2012-09-28', '2023-09-04'),
(1057, 'Airbus A220', 'Airbus',3,6, 'Ready for Service','2017-12-20', '2023-10-06'),
(1058, 'Boeing 747', 'Boeing',9,2, 'Ready for Service','2016-11-09', '2023-09-09'),
(1059, 'Airbus A321neo', 'Airbus',14,11, 'In Maintenance','2014-03-22', '2023-10-14'),
(1060, 'Embraer E195-E2', 'Embraer',2,11, 'Ready for Service','2005-07-20', '2023-09-23'),
(1061, 'Boeing 737 MAX 8', 'Boeing',13,11, 'Ready for Service','2021-04-15', '2023-10-15'),
(1062, 'Airbus A380', 'Airbus',1,3, 'In Maintenance','2003-07-15', '2023-09-18'),
(1063, 'Embraer E195-E2', 'Embraer',5,7, 'Ready for Service','2004-12-30', '2023-10-25'),
(1064, 'Bombardier CRJ1000', 'Bombardier',11,12, 'Grounded','2019-05-24', '2023-09-15'),
(1065, 'Airbus A350', 'Airbus',6,8, 'Ready for Service','2005-01-10', '2023-10-02'),
(1066, 'Boeing 737', 'Boeing',6,3, 'Ready for Service','2005-11-01', '2023-09-28'),
(1067, 'Embraer E190', 'Embraer',10,4, 'In Maintenance','2019-01-03', '2023-10-19'),
(1068, 'Bombardier CRJ900', 'Bombardier',4,9, 'Grounded','2020-01-25', '2023-09-12'),
(1069, 'Airbus A220', 'Airbus',15,1, 'Ready for Service','2000-01-01', '2023-10-06'),
(1070, 'Boeing 737 MAX 8', 'Boeing',9,1, 'Ready for Service','2003-05-20', '2023-09-25'),
(1071, 'Airbus A321neo', 'Airbus',12,8, 'In Maintenance','2018-01-25', '2023-10-19'),
(1072, 'Embraer E195-E2', 'Embraer',14,9, 'Ready for Service','2007-06-01', '2023-09-18'),
(1073, 'Bombardier CRJ1000', 'Bombardier',3,11, 'Grounded','2011-09-30', '2023-09-12'),
(1074, 'Airbus A320', 'Airbus',2,10, 'Ready for Service','2021-02-28', '2023-09-19'),
(1075, 'Boeing 737', 'Boeing',8,6, 'Ready for Service','2002-08-12', '2023-10-18'),
(1076, 'Embraer E145', 'Embraer',5,10, 'In Maintenance','2014-05-12', '2023-09-24'),
(1077, 'Bombardier CRJ900', 'Bombardier',6,4, 'Grounded','2000-04-13', '2023-10-22'),
(1078, 'Airbus A220', 'Airbus',10,11, 'Ready for Service','2018-03-10', '2023-09-23'),
(1079, 'Boeing 747', 'Boeing',12,3, 'Ready for Service','2009-12-30', '2023-10-10'),
(1080, 'Airbus A321neo', 'Airbus',7,6, 'In Maintenance','2020-01-25', '2023-09-14'),
(1081, 'Embraer E195-E2', 'Embraer',6,11, 'Ready for Service','2014-06-22', '2023-10-12'),
(1082, 'Bombardier CRJ1000', 'Bombardier',4,7, 'Grounded','2007-02-27', '2023-09-10'),
(1083, 'Airbus A320', 'Airbus',13,8, 'Ready for Service','2000-08-29', '2023-10-11'),
(1084, 'Boeing 737', 'Boeing',13,3, 'Ready for Service','2007-12-05', '2023-09-09'),
(1085, 'Embraer E190', 'Embraer',15,7, 'In Maintenance','2002-09-19', '2023-10-14'),
(1086, 'Bombardier Dash 8', 'Bombardier',3,5, 'Grounded','2017-11-06', '2023-09-21'),
(1087, 'Airbus A220', 'Airbus',2,11, 'Ready for Service','2000-10-05', '2023-10-17'),
(1088, 'Boeing 737 MAX 8', 'Boeing',8,3, 'Ready for Service','2015-12-10', '2023-09-11'),
(1089, 'Airbus A321neo', 'Airbus',1,9, 'In Maintenance','2000-07-24', '2023-10-09'),
(1090, 'Embraer E195-E2', 'Embraer',10,10, 'Ready for Service','2011-08-19', '2023-09-13'),
(1091, 'Boeing 737', 'Boeing',6,9, 'Ready for Service','2021-01-06', '2023-09-25'),
(1092, 'Airbus A320', 'Airbus',15,9, 'In Maintenance','2016-01-15', '2023-10-01'),
(1093, 'Embraer E190', 'Embraer',8,10, 'Ready for Service','2021-07-12', '2023-09-30'),
(1094, 'Bombardier CRJ900', 'Bombardier',9,10, 'Grounded','2016-03-09', '2023-10-05'),
(1095, 'Airbus A220', 'Airbus',10,1, 'Ready for Service','2013-08-17', '2023-09-28'),
(1096, 'Boeing 737 MAX 8', 'Boeing',12,9, 'Ready for Service','2000-10-05', '2023-10-02'),
(1097, 'Embraer E195-E2', 'Embraer',1,10, 'In Maintenance','2018-01-25', '2023-09-18'),
(1098, 'Bombardier CRJ1000', 'Bombardier',4,5, 'Grounded','2004-11-30', '2023-10-22'),
(1099, 'Airbus A320', 'Airbus',5,1, 'Ready for Service','2017-12-05', '2023-09-28'),
(1100, 'Boeing 737', 'Boeing',4,2, 'Ready for Service','2005-10-12', '2023-10-01'),
(1101, 'Embraer E190', 'Embraer',2,14, 'In Maintenance','2021-07-12', '2023-09-29'),
(1102, 'Bombardier CRJ900', 'Bombardier',6,10, 'Grounded','2015-12-30', '2023-10-03'),
(1103, 'Airbus A220', 'Airbus',15,9, 'Ready for Service','2007-08-10', '2023-09-23'),
(1104, 'Boeing 737 MAX 8', 'Boeing',12,4, 'Ready for Service','2014-12-05', '2023-10-05'),
(1105, 'Airbus A321neo', 'Airbus',9,8, 'In Maintenance','2020-03-03', '2023-09-25'),
(1106, 'Embraer E195-E2', 'Embraer',7,6, 'Ready for Service','2015-10-30', '2023-10-04'),
(1107, 'Bombardier CRJ1000', 'Bombardier',6,2, 'Grounded','2003-06-21', '2023-09-27'),
(1108, 'Airbus A320', 'Airbus',2,6, 'Ready for Service','2011-02-25', '2023-10-01'),
(1109, 'Boeing 737', 'Boeing',10,11, 'Ready for Service','2016-04-19', '2023-09-21'),
(1110, 'Embraer E190', 'Embraer',6,3, 'In Maintenance','2000-03-08', '2023-10-02'),
(1111, 'Bombardier CRJ900', 'Bombardier',1,9, 'Grounded','2002-09-19', '2023-09-27'),
(1112, 'Airbus A220', 'Airbus',5,2, 'Ready for Service','2014-01-14', '2023-10-04'),
(1113, 'Boeing 737 MAX 8', 'Boeing',3,7, 'Ready for Service','2014-01-14', '2023-09-26'),
(1114, 'Airbus A321neo', 'Airbus',8,9, 'In Maintenance','2003-01-08', '2023-10-03'),
(1115, 'Embraer E195-E2', 'Embraer',12,11, 'Ready for Service','2001-04-18', '2023-09-22'),
(1116, 'Bombardier CRJ1000', 'Bombardier',15,3, 'Grounded','2001-05-24', '2023-10-03'),
(1117, 'Airbus A320', 'Airbus',9,2, 'Ready for Service','2007-12-29', '2023-09-26'),
(1118, 'Boeing 737', 'Boeing',14,4, 'Ready for Service','2016-11-11', '2023-10-05'),
(1119, 'Embraer E190', 'Embraer',2,5, 'In Maintenance','2006-12-10', '2023-09-27'),
(1120, 'Bombardier CRJ900', 'Bombardier',1,8, 'Grounded','2002-10-26', '2023-10-04'),
(1121, 'Boeing 737 MAX 8', 'Boeing',7,13, 'Ready for Service','2001-01-20', '2023-09-29'),
(1122, 'Airbus A321neo', 'Airbus',8,11, 'In Maintenance','2007-06-01', '2023-09-27'),
(1123, 'Embraer E195-E2', 'Embraer',13,5, 'Ready for Service','2011-01-01', '2023-10-04'),
(1124, 'Bombardier CRJ1000', 'Bombardier',6,11, 'Grounded','2009-07-25', '2023-10-01'),
(1125, 'Airbus A320', 'Airbus',2,4, 'Ready for Service','2008-12-19', '2023-09-30'),
(1126, 'Boeing 737', 'Boeing',15,1, 'Ready for Service','2015-10-22', '2023-10-03'),
(1127, 'Embraer E190', 'Embraer',1,5, 'In Maintenance','2002-07-22', '2023-09-26'),
(1128, 'Bombardier Dash 8', 'Bombardier',14,9, 'Grounded','2007-02-27', '2023-09-25'),
(1129, 'Airbus A220', 'Airbus',10,10, 'Ready for Service','2005-06-20', '2023-10-03'),
(1130, 'Boeing 737 MAX 8', 'Boeing',12,6, 'Ready for Service','2015-11-25', '2023-10-02'),
(1131, 'Airbus A321neo', 'Airbus',9,2, 'In Maintenance','2000-02-03', '2023-09-29'),
(1132, 'Embraer E195-E2', 'Embraer',6,10, 'Ready for Service','2011-05-01', '2023-10-02'),
(1133, 'Bombardier CRJ1000', 'Bombardier',8,7, 'Grounded','2020-01-18', '2023-09-24'),
(1134, 'Airbus A320', 'Airbus',15,9, 'Ready for Service','2004-12-30', '2023-09-26'),
(1135, 'Boeing 737', 'Boeing',4,5, 'Ready for Service','2020-01-02', '2023-10-01'),
(1136, 'Embraer E190', 'Embraer',13,5, 'In Maintenance','2015-09-14', '2023-10-03'),
(1137, 'Bombardier CRJ900', 'Bombardier',10,9, 'Grounded','2005-03-15', '2023-09-30'),
(1138, 'Airbus A220', 'Airbus',2,9, 'Ready for Service','2009-07-25', '2023-10-04'),
(1139, 'Boeing 747', 'Boeing',6,3, 'Ready for Service','2011-08-14', '2023-09-27'),
(1140, 'Airbus A321neo', 'Airbus',1,11, 'In Maintenance','2018-05-21', '2023-09-24'),
(1141, 'Embraer E195-E2', 'Embraer',13,11, 'Ready for Service','2003-05-15', '2023-10-05'),
(1142, 'Bombardier CRJ1000', 'Bombardier',6,4, 'Grounded','2002-06-05', '2023-10-04'),
(1143, 'Airbus A320', 'Airbus',8,10, 'Ready for Service','2018-04-15', '2023-09-28'),
(1144, 'Boeing 737', 'Boeing',6,11, 'Ready for Service','2021-01-06', '2023-10-05'),
(1145, 'Embraer E190', 'Embraer',10,2, 'In Maintenance','2018-12-24', '2023-09-28'),
(1146, 'Bombardier CRJ900', 'Bombardier',4,10, 'Grounded','2007-08-10', '2023-09-23'),
(1147, 'Airbus A220', 'Airbus',14,5, 'Ready for Service','2013-10-18', '2023-09-26'),
(1148, 'Boeing 737 MAX 8', 'Boeing',12,10, 'Ready for Service','2020-03-03', '2023-09-30'),
(1149, 'Airbus A321neo', 'Airbus',1,10, 'In Maintenance','2020-03-03', '2023-09-24'),
(1150, 'Embraer E195-E2', 'Embraer',6,1, 'Ready for Service','2001-03-15', '2023-09-27');


INSERT INTO `airport_dbms`.`owner` (`owner_id`, `Name`, `Street`, `State`, `City`, `Zip`, `Phone_No`, `Type_of_owner`)
VALUES
(1, 'Skyline Aviation Group', '123 Corporate Avenue', 'California', 'Los Angeles', '90001', 7568899370, 'Corporate'),
(2, 'AeroTech Industries', '456 Business Street', 'New York', 'New York City', '10001', 9876543210, 'Corporate'),
(3, 'GlobalAir Corporation', '789 Corporation Road', 'Texas', 'Houston', '77001', 9562733555, 'Corporate'),
(4, 'TechFly Solutions', '10 Innovation Boulevard', 'California', 'San Francisco', '94101', 9998866557, 'Corporate'),
(5, 'AirVoyage Enterprises', '777 Corporate Avenue', 'Illinois', 'Chicago', '60601', 2567843567, 'Corporate'),
(6, 'InnoSky Innovations', '999 Technology Drive', 'California', 'Palo Alto', '94301', 8765457898, 'Corporate'),
(7, 'MegaFlight Industries', '101 Corporate Plaza', 'New York', 'Buffalo', '14201', 2223334444, 'Corporate'),
(8, 'AirTech Corporation', '555 Technology Avenue', 'Washington', 'Seattle', '98101', 7778889999, 'Corporate'),
(9, 'InnovAir Solutions', '456 Innovation Road', 'Texas', 'Austin', '73301', 8887776666, 'Corporate'),
(10, 'SkyInnovations', '777 Innovation Street', 'California', 'San Jose', '95101', 4445556666, 'Corporate'),
(11, 'TechGenius Aviation', '111 Innovation Avenue', 'California', 'Mountain View', '94040', 9991110000, 'Corporate'),
(12, 'John Doe', '789 Elm Street', 'New York', 'Albany', '12201', 5551234567, 'Individual'),
(13, 'Jane Smith', '456 Oak Avenue', 'California', 'Los Angeles', '90001', 8889792314, 'Individual'),
(14, 'Robert Johnson', '101 Maple Road', 'Texas', 'Houston', '77001', 6574567899, 'Individual'),
(15, 'Mary Lee', '777 Pine Street', 'Washington', 'Seattle', '98101', 2346789875, 'Individual');

INSERT INTO `airport_dbms`.`Employee` (`Employee_ID`, `First_name`, `Middle_Name`, `Last_name`, `Salary`, `Sex`, `Shift`, `Address`, `Role`)
VALUES
(81160001, 'John', 'Michael', 'Doe', 60000, 'M', 'Day', '123 Main St, New York', 'Pilot'),
(81160002, 'Jane', 'Elizabeth', 'Johnson', 55000, 'F', 'Night', '456 Oak Ave, Los Angeles', 'Technician'),
(81160003, 'Michael', 'Christopher', 'Williams', 62000, 'M', 'Day', '789 Elm Rd, Chicago', 'Pilot'),
(81160004, 'Emily', 'Grace', 'Miller', 58000, 'F', 'Night', '987 Maple Dr, Houston', 'Traffic Controller'),
(81160005, 'William', 'Daniel', 'Anderson', 58000, 'M', 'Day', '543 Cedar Ln, Miami', 'Pilot'),
(81160006, 'Sophia', 'Rose', 'Martinez', 54000, 'F', 'Night', '654 Birch Blvd, San Francisco', 'Technician'),
(81160007, 'James', 'Alexander', 'Davis', 59000, 'M', 'Day', '876 Pine St, Seattle', 'Pilot'),
(81160008, 'Olivia', 'Isabella', 'Garcia', 60000, 'F', 'Night', '234 Elm St, Dallas', 'Traffic Controller'),
(81160009, 'Ethan', 'Benjamin', 'Rodriguez', 57000, 'M', 'Day', '654 Oak Ave, Boston', 'Pilot'),
(81160010, 'Ava', 'Emily', 'Hernandez', 56000, 'F', 'Night', '876 Cedar Ln, Washington', 'Technician'),
(81160011, 'Alexander', 'Avery', 'Lopez', 62000, 'M', 'Day', '987 Pine St, Atlanta', 'Pilot'),
(81160012, 'Mia', 'Madison', 'Adams', 53000, 'F', 'Night', '543 Birch Blvd, Denver', 'Traffic Controller'),
(81160013, 'Daniel', 'Anthony', 'Scott', 59000, 'M', 'Day', '123 Elm Rd, Phoenix', 'Pilot'),
(81160014, 'Abigail', 'Elizabeth', 'Green', 55000, 'F', 'Night', '654 Cedar Ln, Las Vegas', 'Technician'),
(81160015, 'Matthew', 'Joseph', 'Evans', 61000, 'M', 'Day', '876 Oak Ave, Orlando', 'Pilot'),
(81160016, 'Sofia', 'Scarlett', 'Turner', 57000, 'F', 'Night', '234 Pine St, New Orleans', 'Traffic Controller'),
(81160017, 'David', 'Thomas', 'Parker', 60000, 'M', 'Day', '654 Elm Rd, San Diego', 'Pilot'),
(81160018, 'Charlotte', 'Grace', 'Collins', 56000, 'F', 'Night', '987 Birch Blvd, Nashville', 'Technician'),
(81160019, 'Joseph', 'Gabriel', 'Murphy', 63000, 'M', 'Day', '543 Pine St, Austin', 'Pilot'),
(81160020, 'Amelia', 'Scarlett', 'Rogers', 54000, 'F', 'Night', '654 Oak Ave, Philadelphia', 'Traffic Controller'),
(81160021, 'Owen', 'Benjamin', 'Gray', 58000, 'M', 'Day', '876 Cedar Ln, Minneapolis', 'Pilot'),
(81160022, 'Ella', 'Grace', 'Ramirez', 52000, 'F', 'Night', '234 Elm St, Detroit', 'Technician'),
(81160023, 'Daniel', 'Andrew', 'Cruz', 60000, 'M', 'Day', '654 Pine St, Charlotte', 'Pilot'),
(81160024, 'Madison', 'Sofia', 'Cooper', 55000, 'F', 'Night', '987 Birch Blvd, Jacksonville', 'Traffic Controller'),
(81160025, 'Alexander', 'William', 'Hayes', 59000, 'M', 'Day', '543 Elm Rd, San Antonio', 'Pilot'),
(81160026, 'Scarlett', 'Avery', 'Russell', 56000, 'F', 'Night', '654 Cedar Ln, Indianapolis', 'Technician'),
(81160027, 'William', 'Matthew', 'Griffin', 60000, 'M', 'Day', '876 Pine St, San Jose', 'Pilot'),
(81160028, 'Victoria', 'Lily', 'Diaz', 53000, 'F', 'Night', '234 Birch Blvd, Columbus', 'Traffic Controller'),
(81160029, 'James', 'Michael', 'Bennett', 59000, 'M', 'Day', '654 Elm Rd, Fort Worth', 'Pilot'),
(81160030, 'Evelyn', 'Emily', 'Watson', 55000, 'F', 'Night', '987 Oak Ave, Baltimore', 'Technician'),
(81160031, 'Benjamin', 'Michael', 'Peterson', 58000, 'M', 'Day', '123 Main St, New York', 'Pilot'),
(81160032, 'Chloe', 'Sophia', 'Richardson', 54000, 'F', 'Night', '456 Oak Ave, Los Angeles', 'Technician'),
(81160033, 'Elijah', 'James', 'Cook', 61000, 'M', 'Day', '789 Elm Rd, Chicago', 'Pilot'),
(81160034, 'Grace', 'Olivia', 'Gonzalez', 59000, 'F', 'Night', '987 Maple Dr, Houston', 'Traffic Controller'),
(81160035, 'Lucas', 'William', 'Stewart', 60000, 'M', 'Day', '543 Cedar Ln, Miami', 'Pilot'),
(81160036, 'Penelope', 'Elizabeth', 'Lee', 55000, 'F', 'Night', '654 Birch Blvd, San Francisco', 'Technician'),
(81160037, 'Michael', 'Joseph', 'Perez', 60000, 'M', 'Day', '876 Pine St, Seattle', 'Pilot'),
(81160038, 'Eleanor', 'Aria', 'Nguyen', 54000, 'F', 'Night', '234 Elm St, Dallas', 'Traffic Controller'),
(81160039, 'Daniel', 'Alexander', 'Harris', 59000, 'M', 'Day', '654 Oak Ave, Boston', 'Pilot'),
(81160040, 'Stella', 'Grace', 'Rivera', 56000, 'F', 'Night', '876 Cedar Ln, Washington', 'Technician'),
(81160041, 'Logan', 'Matthew', 'Brooks', 60000, 'M', 'Day', '987 Pine St, Atlanta', 'Pilot'),
(81160042, 'Nora', 'Lily', 'Cooper', 55000, 'F', 'Night', '543 Birch Blvd, Denver', 'Traffic Controller'),
(81160043, 'Jacob', 'Thomas', 'Ross', 59000, 'M', 'Day', '123 Elm Rd, Phoenix', 'Pilot'),
(81160044, 'Luna', 'Harper', 'Morris', 55000, 'F', 'Night', '654 Cedar Ln, Las Vegas', 'Technician'),
(81160045, 'Alexander', 'Joseph', 'Bell', 61000, 'M', 'Day', '876 Oak Ave, Orlando', 'Pilot'),
(81160046, 'Harper', 'Avery', 'Flores', 57000, 'F', 'Night', '234 Pine St, New Orleans', 'Traffic Controller'),
(81160047, 'Carter', 'Joseph', 'Ward', 60000, 'M', 'Day', '654 Elm Rd, San Diego', 'Pilot'),
(81160048, 'Isabella', 'Scarlett', 'Simmons', 56000, 'F', 'Night', '987 Birch Blvd, Nashville', 'Technician'),
(81160049, 'Joseph', 'Ethan', 'Stewart', 63000, 'M', 'Day', '543 Pine St, Austin', 'Pilot'),
(81160050, 'Hazel', 'Scarlett', 'Edwards', 52000, 'F', 'Night', '654 Oak Ave, Philadelphia', 'Traffic Controller'),
(81160051, 'Wyatt', 'Mason', 'Murphy', 58000, 'M', 'Day', '876 Cedar Ln, Minneapolis', 'Pilot'),
(81160052, 'Violet', 'Charlotte', 'Turner', 52000, 'F', 'Night', '234 Elm St, Detroit', 'Technician'),
(81160053, 'Christopher', 'Benjamin', 'Hill', 59000, 'M', 'Day', '654 Pine St, Charlotte', 'Pilot'),
(81160054, 'Scarlett', 'Abigail', 'Cooper', 55000, 'F', 'Night', '987 Birch Blvd, Jacksonville', 'Traffic Controller'),
(81160055, 'Gabriel', 'Evelyn', 'Sullivan', 59000, 'M', 'Day', '543 Elm Rd, San Antonio', 'Pilot'),
(81160056, 'Emilia', 'Aria', 'Russell', 56000, 'F', 'Night', '654 Cedar Ln, Indianapolis', 'Technician'),
(81160057, 'Henry', 'Michael', 'Griffin', 60000, 'M', 'Day', '876 Pine St, San Jose', 'Pilot'),
(81160058, 'Bella', 'Avery', 'Diaz', 53000, 'F', 'Night', '234 Elm St, Columbus', 'Traffic Controller'),
(81160059, 'Liam', 'Alexander', 'Bennett', 61000, 'M', 'Day', '654 Oak Ave, San Francisco', 'Pilot'),
(81160060, 'Aurora', 'Evelyn', 'Martinez', 53000, 'F', 'Night', '987 Cedar Ln, Seattle', 'Technician'),
(81160061, 'Elijah', 'Andrew', 'Ward', 62000, 'M', 'Day', '234 Elm St, Los Angeles', 'Pilot'),
(81160062, 'Aria', 'Eleanor', 'Turner', 54000, 'F', 'Night', '876 Oak Ave, New York', 'Technician'),
(81160063, 'Mason', 'Lucas', 'Bell', 61000, 'M', 'Day', '543 Pine St, Chicago', 'Pilot'),
(81160064, 'Lily', 'Olivia', 'Simmons', 59000, 'F', 'Night', '654 Elm Rd, Houston', 'Traffic Controller'),
(81160065, 'Ethan', 'Benjamin', 'Griffin', 62000, 'M', 'Day', '876 Birch Blvd, Miami', 'Pilot'),
(81160066, 'Abigail', 'Charlotte', 'Nguyen', 55000, 'F', 'Night', '234 Cedar Ln, San Francisco', 'Technician'),
(81160067, 'Benjamin', 'William', 'Morris', 63000, 'M', 'Day', '654 Elm St, Seattle', 'Pilot'),
(81160068, 'Scarlett', 'Avery', 'Cook', 55000, 'F', 'Night', '987 Oak Ave, Dallas', 'Traffic Controller'),
(81160069, 'Alexander', 'Joseph', 'Harris', 60000, 'M', 'Day', '654 Pine St, Boston', 'Pilot'),
(81160070, 'Evelyn', 'Grace', 'Rivera', 55000, 'F', 'Night', '876 Cedar Ln, Washington', 'Technician'),
(81160071, 'William', 'James', 'Brooks', 62000, 'M', 'Day', '987 Elm Rd, Atlanta', 'Pilot'),
(81160072, 'Harper', 'Lily', 'Flores', 54000, 'F', 'Night', '543 Birch Blvd, Denver', 'Traffic Controller'),
(81160073, 'Daniel', 'Matthew', 'Ross', 61000, 'M', 'Day', '123 Elm St, Phoenix', 'Pilot'),
(81160074, 'Luna', 'Harper', 'Lee', 54000, 'F', 'Night', '654 Cedar Ln, Las Vegas', 'Technician'),
(81160075, 'Joseph', 'Michael', 'Perez', 62000, 'M', 'Day', '876 Oak Ave, Orlando', 'Pilot'),
(81160076, 'Avery', 'Elizabeth', 'Stewart', 56000, 'F', 'Night', '234 Pine St, New Orleans', 'Traffic Controller'),
(81160077, 'Logan', 'Joseph', 'Cooper', 59000, 'M', 'Day', '654 Elm Rd, San Diego', 'Pilot'),
(81160078, 'Scarlett', 'Abigail', 'Simmons', 55000, 'F', 'Night', '987 Birch Blvd, Nashville', 'Technician'),
(81160079, 'Gabriel', 'Lucas', 'Ward', 61000, 'M', 'Day', '543 Pine St, Austin', 'Pilot'),
(81160080, 'Emilia', 'Aria', 'Edwards', 52000, 'F', 'Night', '654 Oak Ave, Philadelphia', 'Traffic Controller'),
(81160081, 'Henry', 'Ethan', 'Murphy', 58000, 'M', 'Day', '876 Cedar Ln, Minneapolis', 'Pilot'),
(81160082, 'Bella', 'Avery', 'Turner', 52000, 'F', 'Night', '234 Elm St, Detroit', 'Technician'),
(81160083, 'Christopher', 'Alexander', 'Hill', 59000, 'M', 'Day', '654 Pine St, Charlotte', 'Pilot'),
(81160084, 'Scarlett', 'Emily', 'Cooper', 55000, 'F', 'Night', '987 Birch Blvd, Jacksonville', 'Traffic Controller'),
(81160085, 'Gabriel', 'Lucas', 'Sullivan', 59000, 'M', 'Day', '543 Elm Rd, San Antonio', 'Pilot'),
(81160086, 'Emilia', 'Aria', 'Russell', 56000, 'F', 'Night', '654 Cedar Ln, Indianapolis', 'Technician'),
(81160087, 'Henry', 'Michael', 'Griffin', 60000, 'M', 'Day', '876 Pine St, San Jose', 'Pilot'),
(81160088, 'Bella', 'Grace', 'Barnes', 52000, 'F', 'Night', '234 Elm St, Columbus', 'Traffic Controller'),
(81160089, 'Logan', 'Benjamin', 'Martinez', 62000, 'M', 'Day', '654 Oak Ave, San Francisco', 'Pilot'),
(81160090, 'Scarlett', 'Avery', 'Turner', 54000, 'F', 'Night', '987 Cedar Ln, Seattle', 'Technician'),
(81160091, 'Elijah', 'Matthew', 'Ramirez', 61000, 'M', 'Day', '234 Elm St, Los Angeles', 'Pilot'),
(81160092, 'Aria', 'Charlotte', 'Flores', 54000, 'F', 'Night', '876 Oak Ave, New York', 'Technician'),
(81160093, 'Mason', 'William', 'Stewart', 61000, 'M', 'Day', '543 Pine St, Chicago', 'Pilot'),
(81160094, 'Lily', 'Grace', 'Turner', 59000, 'F', 'Night', '654 Elm Rd, Houston', 'Traffic Controller'),
(81160095, 'Ethan', 'Benjamin', 'Lee', 62000, 'M', 'Day', '876 Birch Blvd, Miami', 'Pilot'),
(81160096, 'Abigail', 'Emily', 'Harris', 55000, 'F', 'Night', '234 Cedar Ln, San Francisco', 'Technician'),
(81160097, 'Benjamin', 'James', 'Miller', 63000, 'M', 'Day', '654 Elm St, Seattle', 'Pilot'),
(81160098, 'Scarlett', 'Avery', 'Bell', 55000, 'F', 'Night', '987 Oak Ave, Dallas', 'Traffic Controller'),
(81160099, 'Alexander', 'Lucas', 'Garcia', 60000, 'M', 'Day', '654 Pine St, Boston', 'Pilot'),
(81160100, 'Evelyn', 'Lily', 'Martinez', 55000, 'F', 'Night', '876 Cedar Ln, Washington', 'Technician'),
(81160101, 'William', 'Joseph', 'Adams', 62000, 'M', 'Day', '987 Elm Rd, Atlanta', 'Pilot'),
(81160102, 'Harper', 'Aria', 'Nguyen', 54000, 'F', 'Night', '543 Birch Blvd, Denver', 'Traffic Controller'),
(81160103, 'Daniel', 'Michael', 'Cook', 61000, 'M', 'Day', '123 Elm St, Phoenix', 'Pilot'),
(81160104, 'Luna', 'Sophia', 'Simmons', 54000, 'F', 'Night', '654 Cedar Ln, Las Vegas', 'Technician'),
(81160105, 'Joseph', 'Benjamin', 'Perez', 62000, 'M', 'Day', '876 Oak Ave, Orlando', 'Pilot'),
(81160106, 'Avery', 'Elizabeth', 'Gonzalez', 56000, 'F', 'Night', '234 Pine St, New Orleans', 'Traffic Controller'),
(81160107, 'Logan', 'David', 'Ross', 59000, 'M', 'Day', '654 Elm Rd, San Diego', 'Pilot'),
(81160108, 'Scarlett', 'Avery', 'Evans', 55000, 'F', 'Night', '987 Birch Blvd, Nashville', 'Technician'),
(81160109, 'Gabriel', 'Lucas', 'Baker', 61000, 'M', 'Day', '543 Pine St, Austin', 'Pilot'),
(81160110, 'Emilia', 'Aria', 'Foster', 52000, 'F', 'Night', '654 Oak Ave, Philadelphia', 'Traffic Controller'),
(81160111, 'Henry', 'Ethan', 'Ward', 58000, 'M', 'Day', '876 Cedar Ln, Minneapolis', 'Pilot'),
(81160112, 'Bella', 'Avery', 'Rivera', 52000, 'F', 'Night', '234 Elm St, Detroit', 'Technician'),
(81160113, 'Christopher', 'Michael', 'Parker', 59000, 'M', 'Day', '654 Pine St, Charlotte', 'Pilot'),
(81160114, 'Scarlett', 'Grace', 'Perez', 55000, 'F', 'Night', '987 Birch Blvd, Jacksonville', 'Traffic Controller'),
(81160115, 'Gabriel', 'Lucas', 'Bell', 59000, 'M', 'Day', '543 Elm Rd, San Antonio', 'Pilot'),
(81160116, 'Emilia', 'Aria', 'James', 56000, 'F', 'Night', '654 Cedar Ln, Indianapolis', 'Technician'),
(81160117, 'Henry', 'Benjamin', 'Garcia', 60000, 'M', 'Day', '654 Elm St, Seattle', 'Pilot'),
(81160118, 'Aria', 'Grace', 'Hernandez', 52000, 'F', 'Night', '876 Pine St, Columbus', 'Traffic Controller'),
(81160119, 'David', 'Elijah', 'Cooper', 61000, 'M', 'Day', '543 Elm Rd, San Jose', 'Pilot'),
(81160120, 'Sophia', 'Charlotte', 'Morales', 54000, 'F', 'Night', '654 Cedar Ln, Fort Worth', 'Technician'),
(81160121, 'Joseph', 'Lucas', 'Gray', 59000, 'M', 'Day', '987 Oak Ave, Milwaukee', 'Pilot'),
(81160122, 'Avery', 'Lily', 'Diaz', 55000, 'F', 'Night', '654 Birch Blvd, Seattle', 'Traffic Controller'),
(81160123, 'Benjamin', 'Daniel', 'Stewart', 61000, 'M', 'Day', '234 Elm St, Los Angeles', 'Pilot'),
(81160124, 'Aria', 'Sophia', 'Gonzalez', 54000, 'F', 'Night', '876 Oak Ave, New York', 'Technician'),
(81160125, 'Lucas', 'Gabriel', 'Bell', 61000, 'M', 'Day', '543 Pine St, Chicago', 'Pilot'),
(81160126, 'Ella', 'Lily', 'Parker', 59000, 'F', 'Night', '654 Elm Rd, Houston', 'Traffic Controller'),
(81160127, 'William', 'David', 'Carter', 62000, 'M', 'Day', '876 Birch Blvd, Miami', 'Pilot'),
(81160128, 'Charlotte', 'Aria', 'Rivera', 55000, 'F', 'Night', '234 Cedar Ln, San Francisco', 'Technician'),
(81160129, 'Daniel', 'Michael', 'Harris', 63000, 'M', 'Day', '654 Elm St, Seattle', 'Pilot'),
(81160130, 'Mia', 'Sophia', 'Turner', 54000, 'F', 'Night', '987 Oak Ave, Dallas', 'Traffic Controller'),
(81160131, 'Alexander', 'James', 'Sanchez', 60000, 'M', 'Day', '654 Pine St, Boston', 'Pilot'),
(81160132, 'Isabella', 'Grace', 'Martin', 55000, 'F', 'Night', '876 Cedar Ln, Washington', 'Technician'),
(81160133, 'Michael', 'Ethan', 'Evans', 62000, 'M', 'Day', '987 Elm Rd, Atlanta', 'Pilot'),
(81160134, 'Scarlett', 'Avery', 'Torres', 56000, 'F', 'Night', '543 Birch Blvd, Denver', 'Traffic Controller'),
(81160135, 'Ethan', 'Benjamin', 'Martinez', 61000, 'M', 'Day', '123 Elm St, Phoenix', 'Pilot'),
(81160136, 'Emma', 'Aria', 'Gomez', 54000, 'F', 'Night', '654 Cedar Ln, Las Vegas', 'Technician'),
(81160137, 'Daniel', 'Joseph', 'Rogers', 62000, 'M', 'Day', '876 Oak Ave, Orlando', 'Pilot'),
(81160138, 'Olivia', 'Grace', 'Powell', 55000, 'F', 'Night', '234 Pine St, New Orleans', 'Traffic Controller'),
(81160139, 'Logan', 'Ethan', 'Washington', 59000, 'M', 'Day', '654 Elm Rd, San Diego', 'Pilot'),
(81160140, 'Charlotte', 'Lily', 'Brooks', 55000, 'F', 'Night', '987 Birch Blvd, Nashville', 'Technician'),
(81160141, 'Matthew', 'Joseph', 'Long', 61000, 'M', 'Day', '543 Pine St, Austin', 'Pilot'),
(81160142, 'Amelia', 'Aria', 'Bell', 52000, 'F', 'Night', '654 Oak Ave, Philadelphia', 'Traffic Controller'),
(81160143, 'Alexander', 'Lucas', 'Watson', 58000, 'M', 'Day', '876 Cedar Ln, Minneapolis', 'Pilot'),
(81160144, 'Ella', 'Avery', 'Garcia', 52000, 'F', 'Night', '234 Elm St, Detroit', 'Technician'),
(81160145, 'Michael', 'Christopher', 'Hill', 59000, 'M', 'Day', '654 Pine St, Charlotte', 'Pilot'),
(81160146, 'Evelyn', 'Aria', 'Sanders', 55000, 'F', 'Night', '987 Birch Blvd, Jacksonville', 'Traffic Controller'),
(81160147, 'Ethan', 'Lucas', 'Green', 59000, 'M', 'Day', '543 Elm Rd, San Antonio', 'Pilot'),
(81160148, 'Ella', 'Aria', 'Ward', 56000, 'F', 'Night', '654 Cedar Ln, Indianapolis', 'Technician'),
(81160149, 'Olivia', 'Ella', 'Ramirez', 57000, 'F', 'Night', '234 Elm St, Columbus', 'Technician'),
(81160150, 'Daniel', 'William', 'Bennett', 63000, 'M', 'Day', '876 Pine St, San Jose', 'Pilot'),
(81160151, 'Amelia', 'Aria', 'Foster', 56000, 'F', 'Night', '543 Elm Rd, Fort Worth', 'Traffic Controller'),
(81160152, 'Alexander', 'Matthew', 'Hayes', 62000, 'M', 'Day', '654 Cedar Ln, Milwaukee', 'Pilot'),
(81160153, 'Mia', 'Olivia', 'Coleman', 57000, 'F', 'Night', '987 Oak Ave, Seattle', 'Technician'),
(81160154, 'Ethan', 'Michael', 'Reed', 63000, 'M', 'Day', '876 Birch Blvd, Los Angeles', 'Pilot'),
(81160155, 'Evelyn', 'Emma', 'Sanders', 54000, 'F', 'Night', '234 Cedar Ln, New York', 'Traffic Controller'),
(81160156, 'William', 'Benjamin', 'Henderson', 61000, 'M', 'Day', '654 Elm St, Chicago', 'Pilot'),
(81160157, 'Aria', 'Sophia', 'Lee', 54000, 'F', 'Night', '987 Pine St, Houston', 'Technician'),
(81160158, 'Michael', 'Ethan', 'Perry', 60000, 'M', 'Day', '543 Elm Rd, Miami', 'Pilot'),
(81160159, 'Isabella', 'Aria', 'Brooks', 57000, 'F', 'Night', '876 Birch Blvd, San Francisco', 'Traffic Controller'),
(81160160, 'Benjamin', 'Daniel', 'Wood', 64000, 'M', 'Day', '234 Cedar Ln, Orlando', 'Pilot'),
(81160161, 'Ella', 'Sophia', 'Warren', 55000, 'F', 'Night', '654 Elm Rd, Boston', 'Technician'),
(81160162, 'Matthew', 'Joseph', 'Long', 61000, 'M', 'Day', '987 Oak Ave, Washington', 'Pilot'),
(81160163, 'Aria', 'Grace', 'Reyes', 56000, 'F', 'Night', '654 Pine St, Atlanta', 'Traffic Controller'),
(81160164, 'Ethan', 'Lucas', 'Bryant', 62000, 'M', 'Day', '876 Cedar Ln, Nashville', 'Pilot'),
(81160165, 'Charlotte', 'Aria', 'Flores', 54000, 'F', 'Night', '234 Elm St, Austin', 'Technician'),
(81160166, 'Daniel', 'Elijah', 'Hansen', 63000, 'M', 'Day', '654 Cedar Ln, Philadelphia', 'Pilot'),
(81160167, 'Olivia', 'Grace', 'Gonzalez', 57000, 'F', 'Night', '876 Oak Ave, Minneapolis', 'Traffic Controller'),
(81160168, 'Logan', 'Ethan', 'Morrison', 62000, 'M', 'Day', '543 Pine St, Detroit', 'Pilot'),
(81160169, 'Sophia', 'Aria', 'Ward', 55000, 'F', 'Night', '654 Elm Rd, Charlotte', 'Technician'),
(81160170, 'Matthew', 'Joseph', 'Woods', 61000, 'M', 'Day', '987 Birch Blvd, Phoenix', 'Pilot'),
(81160171, 'Emma', 'Lily', 'Cook', 55000, 'F', 'Night', '654 Pine St, Las Vegas', 'Traffic Controller'),
(81160172, 'Ethan', 'Benjamin', 'Bell', 63000, 'M', 'Day', '876 Cedar Ln, Jacksonville', 'Pilot'),
(81160173, 'Amelia', 'Aria', 'Smith', 54000, 'F', 'Night', '234 Elm St, San Antonio', 'Technician'),
(81160174, 'Alexander', 'Lucas', 'Gomez', 59000, 'M', 'Day', '654 Oak Ave, Nashville', 'Pilot'),
(81160175, 'Ella', 'Sophia', 'Davis', 54000, 'F', 'Night', '987 Elm Rd, Indianapolis', 'Traffic Controller'),
(81160176, 'Evelyn', 'Ella', 'Morgan', 61000, 'M', 'Day', '654 Cedar Ln, Dallas', 'Pilot'),
(81160177, 'William', 'Benjamin', 'Brooks', 57000, 'F', 'Night', '876 Elm St, Chicago', 'Technician'),
(81160178, 'Mia', 'Olivia', 'Foster', 64000, 'M', 'Day', '234 Pine St, San Jose', 'Pilot'),
(81160179, 'Ethan', 'Michael', 'Hayes', 57000, 'F', 'Night', '654 Elm Rd, Fort Worth', 'Traffic Controller'),
(81160180, 'Isabella', 'Aria', 'Murray', 56000, 'F', 'Night', '987 Pine St, Seattle', 'Technician'),
(81160181, 'Daniel', 'Elijah', 'Coleman', 63000, 'M', 'Day', '654 Cedar Ln, Miami', 'Pilot'),
(81160182, 'Olivia', 'Ella', 'Perry', 55000, 'F', 'Night', '876 Elm Rd, Houston', 'Traffic Controller'),
(81160183, 'Alexander', 'Lucas', 'Brooks', 62000, 'M', 'Day', '234 Pine St, Orlando', 'Pilot'),
(81160184, 'Mia', 'Olivia', 'Ward', 57000, 'F', 'Night', '654 Elm St, Boston', 'Technician'),
(81160185, 'Ethan', 'Michael', 'Warren', 60000, 'M', 'Day', '876 Birch Blvd, Washington', 'Pilot'),
(81160186, 'Evelyn', 'Ella', 'Reyes', 55000, 'F', 'Night', '543 Elm Rd, Atlanta', 'Traffic Controller'),
(81160187, 'William', 'Benjamin', 'Bell', 63000, 'M', 'Day', '654 Cedar Ln, Nashville', 'Pilot'),
(81160188, 'Aria', 'Sophia', 'Sanders', 54000, 'F', 'Night', '987 Oak Ave, Chicago', 'Technician'),
(81160189, 'Michael', 'Ethan', 'Morrison', 61000, 'M', 'Day', '654 Pine St, Philadelphia', 'Pilot'),
(81160190, 'Isabella', 'Aria', 'Cook', 56000, 'F', 'Night', '876 Elm Rd, New York', 'Traffic Controller'),
(81160191, 'Benjamin', 'Daniel', 'Gomez', 64000, 'M', 'Day', '234 Cedar Ln, Milwaukee', 'Pilot'),
(81160192, 'Ella', 'Sophia', 'Davis', 55000, 'F', 'Night', '654 Elm St, Los Angeles', 'Technician'),
(81160193, 'Matthew', 'Joseph', 'Hansen', 61000, 'M', 'Day', '987 Oak Ave, Houston', 'Pilot'),
(81160194, 'Aria', 'Grace', 'Reed', 56000, 'F', 'Night', '876 Pine St, Phoenix', 'Traffic Controller'),
(81160195, 'Ethan', 'Lucas', 'Foster', 62000, 'M', 'Day', '654 Cedar Ln, Las Vegas', 'Pilot'),
(81160196, 'Charlotte', 'Aria', 'Morgan', 54000, 'F', 'Night', '987 Elm Rd, Dallas', 'Technician'),
(81160197, 'Daniel', 'Elijah', 'Henderson', 64000, 'M', 'Day', '654 Pine St, San Francisco', 'Pilot'),
(81160198, 'Olivia', 'Grace', 'Wood', 55000, 'F', 'Night', '876 Birch Blvd, Nashville', 'Traffic Controller'),
(81160199, 'Logan', 'Ethan', 'Sanders', 62000, 'M', 'Day', '543 Elm Rd, Charlotte', 'Pilot'),
(81160200, 'Sophia', 'Aria', 'Brooks', 55000, 'F', 'Night', '654 Elm St, San Antonio', 'Technician'),
(81160201, 'Matthew', 'Joseph', 'Hansen', 61000, 'M', 'Day', '987 Oak Ave, Minneapolis', 'Pilot'),
(81160202, 'Emma', 'Lily', 'Perry', 54000, 'F', 'Night', '654 Pine St, Detroit', 'Traffic Controller'),
(81160203, 'Ethan', 'Benjamin', 'Hayes', 63000, 'M', 'Day', '876 Cedar Ln, Jacksonville', 'Pilot'),
(81160204, 'Amelia', 'Aria', 'Smith', 54000, 'F', 'Night', '234 Elm St, San Francisco', 'Technician'),
(81160205, 'Alexander', 'Lucas', 'Bell', 59000, 'M', 'Day', '654 Cedar Ln, Nashville', 'Pilot'),
(81160206, 'Ella', 'Sophia', 'Gomez', 54000, 'F', 'Night', '987 Pine St, Atlanta', 'Traffic Controller'),
(81160207, 'Evelyn', 'Ella', 'Murray', 61000, 'M', 'Day', '654 Elm Rd, Houston', 'Pilot'),
(81160208, 'William', 'Benjamin', 'Ward', 54000, 'F', 'Night', '876 Elm St, Orlando', 'Technician'),
(81160209, 'Ella', 'Sophia', 'Warren', 59000, 'M', 'Day', '234 Cedar Ln, Miami', 'Pilot'),
(81160210, 'Aria', 'Grace', 'Reyes', 55000, 'F', 'Night', '654 Elm St, Washington', 'Traffic Controller'),
(81160211, 'Oliver', 'James', 'Coleman', 54000, 'M', 'Night', '876 Elm Rd, Houston', 'Technician'),
(81160212, 'Emma', 'Lily', 'Perry', 52000, 'F', 'Day', '654 Cedar Ln, Miami', 'Technician'),
(81160213, 'Ethan', 'Benjamin', 'Bell', 55000, 'M', 'Night', '234 Pine St, Orlando', 'Technician'),
(81160214, 'Ava', 'Grace', 'Ward', 52000, 'F', 'Day', '654 Elm St, Boston', 'Technician'),
(81160215, 'Logan', 'Ethan', 'Warren', 53000, 'M', 'Night', '876 Birch Blvd, Washington', 'Technician'),
(81160216, 'Isabella', 'Aria', 'Reyes', 52000, 'F', 'Day', '543 Elm Rd, Atlanta', 'Technician'),
(81160217, 'William', 'Benjamin', 'Bell', 55000, 'M', 'Night', '654 Cedar Ln, Nashville', 'Technician'),
(81160218, 'Aria', 'Sophia', 'Sanders', 52000, 'F', 'Day', '987 Oak Ave, Chicago', 'Technician'),
(81160219, 'Lucas', 'Noah', 'Morrison', 54000, 'M', 'Night', '654 Pine St, Philadelphia', 'Technician'),
(81160220, 'Sophia', 'Aria', 'Cook', 52000, 'F', 'Day', '876 Elm Rd, New York', 'Technician'),
(81160221, 'Elijah', 'Michael', 'Gomez', 55000, 'M', 'Night', '234 Cedar Ln, Milwaukee', 'Technician'),
(81160222, 'Ella', 'Sophia', 'Davis', 52000, 'F', 'Day', '654 Elm St, Los Angeles', 'Technician'),
(81160223, 'Oliver', 'James', 'Hansen', 54000, 'M', 'Night', '987 Oak Ave, Houston', 'Technician'),
(81160224, 'Aria', 'Grace', 'Reed', 52000, 'F', 'Day', '876 Pine St, Phoenix', 'Technician'),
(81160225, 'Ethan', 'Lucas', 'Foster', 54000, 'M', 'Night', '654 Cedar Ln, Las Vegas', 'Technician'),
(81160226, 'Charlotte', 'Aria', 'Morgan', 52000, 'F', 'Day', '987 Elm Rd, Dallas', 'Technician'),
(81160227, 'Daniel', 'Elijah', 'Henderson', 55000, 'M', 'Night', '654 Pine St, San Francisco', 'Technician'),
(81160228, 'Olivia', 'Grace', 'Wood', 52000, 'F', 'Day', '876 Birch Blvd, Nashville', 'Technician'),
(81160229, 'Logan', 'Ethan', 'Sanders', 54000, 'M', 'Night', '543 Elm Rd, Charlotte', 'Technician'),
(81160230, 'Sophia', 'Aria', 'Brooks', 52000, 'F', 'Day', '654 Elm St, San Antonio', 'Technician'),
(81160231, 'Daniel', 'Elijah', 'Hansen', 55000, 'M', 'Night', '987 Oak Ave, Minneapolis', 'Technician'),
(81160232, 'Emma', 'Lily', 'Perry', 52000, 'F', 'Day', '654 Pine St, Detroit', 'Technician'),
(81160233, 'Ethan', 'Benjamin', 'Hayes', 53000, 'M', 'Night', '876 Cedar Ln, Jacksonville', 'Technician'),
(81160234, 'Amelia', 'Aria', 'Smith', 52000, 'F', 'Day', '234 Elm St, San Francisco', 'Technician'),
(81160235, 'Alexander', 'Lucas', 'Bell', 54000, 'M', 'Night', '654 Cedar Ln, Nashville', 'Technician'),
(81160236, 'Ella', 'Sophia', 'Gomez', 52000, 'F', 'Day', '987 Pine St, Atlanta', 'Technician'),
(81160237, 'Evelyn', 'Ella', 'Murray', 55000, 'M', 'Night', '654 Elm Rd, Orlando', 'Technician'),
(81160238, 'Aiden', 'Elijah', 'Brown', 52000, 'F', 'Day', '876 Elm St, Miami', 'Technician'),
(81160239, 'Charlotte', 'Aria', 'Hansen', 54000, 'M', 'Night', '543 Cedar Ln, Boston', 'Technician'),
(81160240, 'Oliver', 'James', 'Reyes', 52000, 'F', 'Day', '654 Elm St, Washington', 'Technician'),
(81160241, 'Liam', 'Benjamin', 'Perry', 52000, 'M', 'Night', '876 Elm Rd, Houston', 'Technician'),
(81160242, 'Amelia', 'Grace', 'Bell', 52000, 'F', 'Day', '654 Cedar Ln, Miami', 'Technician'),
(81160243, 'Daniel', 'Noah', 'Warren', 55000, 'M', 'Night', '234 Pine St, Orlando', 'Technician'),
(81160244, 'Olivia', 'Sophia', 'Ward', 52000, 'F', 'Day', '654 Elm St, Boston', 'Technician'),
(81160245, 'Alexander', 'Elijah', 'Sanders', 53000, 'M', 'Night', '876 Birch Blvd, Washington', 'Technician'),
(81160246, 'Ella', 'Aria', 'Reyes', 52000, 'F', 'Day', '543 Elm Rd, Atlanta', 'Technician'),
(81160247, 'Logan', 'Michael', 'Bell', 55000, 'M', 'Night', '654 Cedar Ln, Nashville', 'Technician'),
(81160248, 'Evelyn', 'Lily', 'Sanders', 52000, 'F', 'Day', '987 Oak Ave, Chicago', 'Technician'),
(81160249, 'Ethan', 'James', 'Morrison', 54000, 'M', 'Night', '654 Pine St, Philadelphia', 'Technician'),
(81160250, 'Sophia', 'Ella', 'Cook', 52000, 'F', 'Day', '876 Elm Rd, New York', 'Technician'),
(81160251, 'Aiden', 'Liam', 'Gomez', 55000, 'M', 'Night', '234 Cedar Ln, Milwaukee', 'Technician'),
(81160252, 'Ava', 'Grace', 'Davis', 52000, 'F', 'Day', '654 Elm St, Los Angeles', 'Technician'),
(81160253, 'Ethan', 'Benjamin', 'Hansen', 54000, 'M', 'Night', '987 Oak Ave, Houston', 'Technician'),
(81160254, 'Emma', 'Lily', 'Reed', 52000, 'F', 'Day', '876 Pine St, Phoenix', 'Technician'),
(81160255, 'Lucas', 'Ethan', 'Foster', 54000, 'M', 'Night', '654 Cedar Ln, Las Vegas', 'Technician'),
(81160256, 'Charlotte', 'Sophia', 'Morgan', 52000, 'F', 'Day', '987 Elm Rd, Dallas', 'Technician'),
(81160257, 'Elijah', 'Benjamin', 'Henderson', 55000, 'M', 'Night', '654 Pine St, San Francisco', 'Technician'),
(81160258, 'Olivia', 'Grace', 'Wood', 52000, 'F', 'Day', '876 Birch Blvd, Nashville', 'Technician'),
(81160259, 'Logan', 'Ethan', 'Sanders', 54000, 'M', 'Night', '543 Elm Rd, Charlotte', 'Technician'),
(81160260, 'Sophia', 'Grace', 'Brooks', 52000, 'F', 'Day', '654 Elm St, San Antonio', 'Technician'),
(81160261, 'Aiden', 'Liam', 'Hansen', 55000, 'M', 'Night', '987 Oak Ave, Minneapolis', 'Technician'),
(81160262, 'Emma', 'Sophia', 'Perry', 52000, 'F', 'Day', '654 Pine St, Detroit', 'Technician'),
(81160263, 'Ethan', 'Benjamin', 'Hayes', 53000, 'M', 'Night', '876 Cedar Ln, Jacksonville', 'Technician'),
(81160264, 'Amelia', 'Grace', 'Smith', 52000, 'F', 'Day', '234 Elm St, San Francisco', 'Technician'),
(81160265, 'Alexander', 'Elijah', 'Bell', 54000, 'M', 'Night', '654 Cedar Ln, Nashville', 'Technician'),
(81160266, 'Ella', 'Sophia', 'Gomez', 52000, 'F', 'Day', '987 Pine St, Atlanta', 'Technician'),
(81160267, 'Evelyn', 'Lily', 'Murray', 55000, 'F', 'Night', '654 Elm Rd, Orlando', 'Technician'),
(81160268, 'Aiden', 'Liam', 'Brown', 52000, 'M', 'Day', '876 Elm St, Miami', 'Technician'),
(81160269, 'Charlotte', 'Sophia', 'Hansen', 54000, 'M', 'Night', '543 Cedar Ln, Boston', 'Technician'),
(81160270, 'Oliver', 'Elijah', 'Reyes', 52000, 'F', 'Day', '654 Elm St, Washington', 'Technician'),
(81160271, 'Emma', 'Oliver', 'Ward', 54000, 'F', 'Night', '876 Elm St, Chicago', 'Traffic Controller'),
(81160272, 'Lucas', 'Ethan', 'Sanders', 52000, 'M', 'Day', '654 Cedar Ln, New York', 'Traffic Controller'),
(81160273, 'Charlotte', 'Sophia', 'Murray', 55000, 'F', 'Night', '234 Pine St, Los Angeles', 'Traffic Controller'),
(81160274, 'Oliver', 'Elijah', 'Reyes', 52000, 'M', 'Day', '654 Elm Rd, Dallas', 'Traffic Controller'),
(81160275, 'Amelia', 'Grace', 'Brown', 54000, 'F', 'Night', '876 Oak Ave, San Francisco', 'Traffic Controller'),
(81160276, 'Alexander', 'Ethan', 'Bell', 52000, 'M', 'Day', '543 Elm St, Houston', 'Traffic Controller'),
(81160277, 'Ella', 'Sophia', 'Hansen', 55000, 'F', 'Night', '654 Elm St, Miami', 'Traffic Controller'),
(81160278, 'Evelyn', 'Lily', 'Gomez', 52000, 'F', 'Day', '987 Cedar Ln, Orlando', 'Traffic Controller'),
(81160279, 'Ethan', 'Benjamin', 'Wood', 54000, 'M', 'Night', '654 Elm Rd, Atlanta', 'Traffic Controller'),
(81160280, 'Sophia', 'Grace', 'Bell', 52000, 'F', 'Day', '876 Pine St, Nashville', 'Traffic Controller'),
(81160281, 'Aiden', 'Liam', 'Hayes', 55000, 'M', 'Night', '234 Elm Rd, Charlotte', 'Traffic Controller'),
(81160282, 'Emma', 'Sophia', 'Perry', 52000, 'F', 'Day', '654 Cedar Ln, San Antonio', 'Traffic Controller'),
(81160283, 'Ethan', 'Benjamin', 'Smith', 54000, 'M', 'Night', '876 Oak Ave, Minneapolis', 'Traffic Controller'),
(81160284, 'Amelia', 'Grace', 'Hansen', 52000, 'F', 'Day', '654 Elm St, Detroit', 'Traffic Controller'),
(81160285, 'Alexander', 'Elijah', 'Murray', 54000, 'M', 'Night', '987 Pine St, Las Vegas', 'Traffic Controller'),
(81160286, 'Ella', 'Sophia', 'Brown', 52000, 'F', 'Day', '543 Cedar Ln, San Francisco', 'Traffic Controller'),
(81160287, 'Evelyn', 'Lily', 'Ward', 55000, 'F', 'Night', '654 Elm Rd, Nashville', 'Traffic Controller'),
(81160288, 'Ethan', 'Benjamin', 'Sanders', 52000, 'M', 'Day', '876 Elm St, Atlanta', 'Traffic Controller'),
(81160289, 'Sophia', 'Grace', 'Hansen', 55000, 'F', 'Night', '654 Pine St, Orlando', 'Traffic Controller'),
(81160290, 'Aiden', 'Liam', 'Reyes', 52000, 'M', 'Day', '987 Elm Rd, Miami', 'Traffic Controller'),
(81160291, 'Emma', 'Sophia', 'Bell', 55000, 'F', 'Night', '654 Elm St, Boston', 'Traffic Controller'),
(81160292, 'Ethan', 'Benjamin', 'Murray', 52000, 'M', 'Day', '876 Cedar Ln, Washington', 'Traffic Controller'),
(81160293, 'Amelia', 'Grace', 'Hansen', 54000, 'F', 'Night', '234 Elm St, Chicago', 'Traffic Controller'),
(81160294, 'Alexander', 'Elijah', 'Reyes', 52000, 'M', 'Day', '654 Elm Rd, New York', 'Traffic Controller'),
(81160295, 'Ella', 'Sophia', 'Gomez', 54000, 'F', 'Night', '876 Pine St, Los Angeles', 'Traffic Controller'),
(81160296, 'Evelyn', 'Lily', 'Bell', 52000, 'F', 'Day', '543 Elm St, Dallas', 'Traffic Controller'),
(81160297, 'Ethan', 'Benjamin', 'Hayes', 55000, 'M', 'Night', '654 Cedar Ln, San Francisco', 'Traffic Controller'),
(81160298, 'Sophia', 'Grace', 'Perry', 52000, 'F', 'Day', '876 Elm St, Houston', 'Traffic Controller'),
(81160299, 'Aiden', 'Liam', 'Smith', 54000, 'M', 'Night', '654 Elm Rd, Miami', 'Traffic Controller'),
(81160300, 'Emma', 'Sophia', 'Hansen', 52000, 'F', 'Day', '987 Cedar Ln, Orlando', 'Traffic Controller'),
(81160301, 'Lucas', 'Ethan', 'Hayes', 53000, 'M', 'Night', '654 Elm Rd, Chicago', 'Technician'),
(81160302, 'Charlotte', 'Sophia', 'Smith', 52000, 'F', 'Day', '876 Pine St, New York', 'Technician'),
(81160303, 'Oliver', 'Elijah', 'Gomez', 54000, 'M', 'Night', '234 Elm St, Los Angeles', 'Traffic Controller'),
(81160304, 'Amelia', 'Grace', 'Bell', 52000, 'F', 'Day', '654 Cedar Ln, Dallas', 'Technician'),
(81160305, 'Alexander', 'Ethan', 'Hansen', 53000, 'M', 'Night', '876 Oak Ave, San Francisco', 'Technician'),
(81160306, 'Ella', 'Sophia', 'Reyes', 52000, 'F', 'Day', '543 Elm St, Houston', 'Traffic Controller'),
(81160307, 'Evelyn', 'Lily', 'Brown', 54000, 'F', 'Night', '654 Elm Rd, Miami', 'Technician'),
(81160308, 'Ethan', 'Benjamin', 'Ward', 52000, 'M', 'Day', '876 Pine St, Orlando', 'Technician'),
(81160309, 'Sophia', 'Grace', 'Sanders', 53000, 'F', 'Night', '654 Elm Rd, Atlanta', 'Technician'),
(81160310, 'Aiden', 'Liam', 'Murray', 52000, 'M', 'Day', '987 Cedar Ln, Nashville', 'Traffic Controller'),
(81160311, 'Emma', 'Sophia', 'Hayes', 54000, 'F', 'Night', '654 Elm St, Charlotte', 'Technician'),
(81160312, 'Ethan', 'Benjamin', 'Perry', 52000, 'M', 'Day', '876 Elm Rd, San Antonio', 'Technician'),
(81160313, 'Amelia', 'Grace', 'Smith', 53000, 'F', 'Night', '234 Pine St, Minneapolis', 'Technician'),
(81160314, 'Alexander', 'Elijah', 'Hansen', 52000, 'M', 'Day', '654 Elm St, Detroit', 'Traffic Controller'),
(81160315, 'Ella', 'Sophia', 'Gomez', 54000, 'F', 'Night', '876 Cedar Ln, Las Vegas', 'Technician'),
(81160316, 'Evelyn', 'Lily', 'Brown', 52000, 'F', 'Day', '543 Elm St, San Francisco', 'Traffic Controller'),
(81160317, 'Ethan', 'Benjamin', 'Ward', 53000, 'M', 'Night', '654 Elm Rd, Nashville', 'Technician'),
(81160318, 'Sophia', 'Grace', 'Sanders', 52000, 'F', 'Day', '876 Pine St, Atlanta', 'Traffic Controller'),
(81160319, 'Aiden', 'Liam', 'Murray', 54000, 'M', 'Night', '654 Elm Rd, Orlando', 'Technician'),
(81160320, 'Emma', 'Sophia', 'Hayes', 52000, 'F', 'Day', '987 Cedar Ln, Miami', 'Technician'),
(81160321, 'Ethan', 'Benjamin', 'Perry', 53000, 'M', 'Night', '654 Elm St, Boston', 'Traffic Controller'),
(81160322, 'Amelia', 'Grace', 'Smith', 52000, 'F', 'Day', '876 Elm Rd, Washington', 'Technician'),
(81160323, 'Alexander', 'Elijah', 'Hansen', 54000, 'M', 'Night', '234 Elm St, Chicago', 'Traffic Controller'),
(81160324, 'Ella', 'Sophia', 'Gomez', 52000, 'F', 'Day', '654 Elm Rd, New York', 'Technician'),
(81160325, 'Evelyn', 'Lily', 'Brown', 53000, 'F', 'Night', '876 Pine St, Los Angeles', 'Technician'),
(81160326, 'Ethan', 'Benjamin', 'Ward', 52000, 'M', 'Day', '543 Elm St, Dallas', 'Traffic Controller'),
(81160327, 'Sophia', 'Grace', 'Sanders', 54000, 'F', 'Night', '654 Cedar Ln, San Francisco', 'Technician'),
(81160328, 'Aiden', 'Liam', 'Murray', 52000, 'M', 'Day', '876 Oak Ave, Houston', 'Technician'),
(81160329, 'Emma', 'Sophia', 'Hayes', 53000, 'F', 'Night', '654 Elm Rd, Miami', 'Traffic Controller'),
(81160330, 'Ethan', 'Benjamin', 'Perry', 52000, 'M', 'Day', '987 Cedar Ln, Orlando', 'Technician'),
(81160331, 'Oliver', 'Ethan', 'Hayes', 53000, 'M', 'Night', '654 Elm Rd, Chicago', 'Traffic Controller'),
(81160332, 'Amelia', 'Grace', 'Smith', 52000, 'F', 'Day', '876 Pine St, New York', 'Technician'),
(81160333, 'Alexander', 'Elijah', 'Gomez', 54000, 'M', 'Night', '234 Elm St, Los Angeles', 'Traffic Controller'),
(81160334, 'Ella', 'Sophia', 'Reyes', 52000, 'F', 'Day', '654 Cedar Ln, Dallas', 'Technician'),
(81160335, 'Evelyn', 'Lily', 'Brown', 53000, 'F', 'Night', '876 Oak Ave, San Francisco', 'Technician'),
(81160336, 'Ethan', 'Benjamin', 'Ward', 52000, 'M', 'Day', '543 Elm St, Houston', 'Traffic Controller'),
(81160337, 'Sophia', 'Grace', 'Sanders', 54000, 'F', 'Night', '654 Elm Rd, Miami', 'Technician'),
(81160338, 'Aiden', 'Liam', 'Murray', 52000, 'M', 'Day', '876 Pine St, Orlando', 'Traffic Controller'),
(81160339, 'Emma', 'Sophia', 'Hayes', 53000, 'F', 'Night', '654 Elm St, Atlanta', 'Technician'),
(81160340, 'Ethan', 'Benjamin', 'Perry', 52000, 'M', 'Day', '876 Elm Rd, San Antonio', 'Traffic Controller'),
(81160341, 'Amelia', 'Grace', 'Smith', 54000, 'F', 'Night', '234 Pine St, Minneapolis', 'Technician'),
(81160342, 'Alexander', 'Elijah', 'Hansen', 52000, 'M', 'Day', '654 Elm St, Detroit', 'Technician'),
(81160343, 'Ella', 'Sophia', 'Gomez', 53000, 'F', 'Night', '876 Cedar Ln, Las Vegas', 'Traffic Controller'),
(81160344, 'Evelyn', 'Lily', 'Brown', 52000, 'F', 'Day', '543 Elm St, San Francisco', 'Technician'),
(81160345, 'Ethan', 'Benjamin', 'Ward', 54000, 'M', 'Night', '654 Elm Rd, Nashville', 'Traffic Controller'),
(81160346, 'Sophia', 'Grace', 'Sanders', 52000, 'F', 'Day', '876 Pine St, Atlanta', 'Technician'),
(81160347, 'Aiden', 'Liam', 'Murray', 53000, 'M', 'Night', '654 Elm Rd, Orlando', 'Traffic Controller'),
(81160348, 'Emma', 'Sophia', 'Hayes', 52000, 'F', 'Day', '987 Cedar Ln, Miami', 'Technician'),
(81160349, 'Ethan', 'Benjamin', 'Perry', 54000, 'M', 'Night', '654 Elm St, Boston', 'Technician'),
(81160350, 'Amelia', 'Grace', 'Smith', 52000, 'F', 'Day', '876 Elm Rd, Washington', 'Traffic Controller'),
(81160351, 'Alexander', 'Elijah', 'Hansen', 53000, 'M', 'Night', '234 Elm St, Chicago', 'Technician'),
(81160352, 'Ella', 'Sophia', 'Gomez', 52000, 'F', 'Day', '654 Elm Rd, New York', 'Technician'),
(81160353, 'Evelyn', 'Lily', 'Brown', 53000, 'F', 'Night', '876 Pine St, Los Angeles', 'Traffic Controller'),
(81160354, 'Ethan', 'Benjamin', 'Ward', 52000, 'M', 'Day', '543 Elm St, Dallas', 'Technician'),
(81160355, 'Sophia', 'Grace', 'Sanders', 54000, 'F', 'Night', '654 Cedar Ln, San Francisco', 'Technician'),
(81160356, 'Aiden', 'Liam', 'Murray', 52000, 'M', 'Day', '876 Oak Ave, Houston', 'Traffic Controller'),
(81160357, 'Emma', 'Sophia', 'Hayes', 53000, 'F', 'Night', '654 Elm Rd, Miami', 'Technician'),
(81160358, 'Ethan', 'Benjamin', 'Perry', 52000, 'M', 'Day', '987 Cedar Ln, Orlando', 'Traffic Controller'),
(81160359, 'Amelia', 'Grace', 'Smith', 54000, 'F', 'Night', '234 Elm St, Los Angeles', 'Technician'),
(81160360, 'Oliver', 'Ethan', 'Hayes', 53000, 'M', 'Night', '654 Elm Rd, Chicago', 'Technician'),
(81160361, 'Amelia', 'Grace', 'Smith', 52000, 'F', 'Day', '876 Pine St, New York', 'Traffic Controller'),
(81160362, 'Alexander', 'Elijah', 'Gomez', 54000, 'M', 'Night', '234 Elm St, Los Angeles', 'Technician'),
(81160363, 'Ella', 'Sophia', 'Reyes', 52000, 'F', 'Day', '654 Cedar Ln, Dallas', 'Technician'),
(81160364, 'Evelyn', 'Lily', 'Brown', 53000, 'F', 'Night', '876 Oak Ave, San Francisco', 'Traffic Controller'),
(81160365, 'Ethan', 'Benjamin', 'Ward', 52000, 'M', 'Day', '543 Elm St, Houston', 'Technician'),
(81160366, 'Sophia', 'Grace', 'Sanders', 54000, 'F', 'Night', '654 Elm Rd, Miami', 'Traffic Controller'),
(81160367, 'Aiden', 'Liam', 'Murray', 52000, 'M', 'Day', '876 Pine St, Orlando', 'Technician'),
(81160368, 'Emma', 'Sophia', 'Hayes', 53000, 'F', 'Night', '654 Elm St, Atlanta', 'Technician'),
(81160369, 'Ethan', 'Benjamin', 'Perry', 52000, 'M', 'Day', '876 Elm Rd, San Antonio', 'Traffic Controller'),
(81160370, 'Amelia', 'Grace', 'Smith', 54000, 'F', 'Night', '234 Pine St, Minneapolis', 'Technician'),
(81160371, 'Alexander', 'Elijah', 'Hansen', 52000, 'M', 'Day', '654 Elm St, Detroit', 'Technician'),
(81160372, 'Ella', 'Sophia', 'Gomez', 53000, 'F', 'Night', '876 Cedar Ln, Las Vegas', 'Traffic Controller'),
(81160373, 'Evelyn', 'Lily', 'Brown', 52000, 'F', 'Day', '543 Elm St, San Francisco', 'Technician'),
(81160374, 'Ethan', 'Benjamin', 'Ward', 54000, 'M', 'Night', '654 Elm Rd, Nashville', 'Traffic Controller'),
(81160375, 'Sophia', 'Grace', 'Sanders', 52000, 'F', 'Day', '876 Pine St, Atlanta', 'Technician'),
(81160376, 'Aiden', 'Liam', 'Murray', 53000, 'M', 'Night', '654 Elm Rd, Orlando', 'Technician'),
(81160377, 'Emma', 'Sophia', 'Hayes', 52000, 'F', 'Day', '987 Cedar Ln, Miami', 'Traffic Controller'),
(81160378, 'Ethan', 'Benjamin', 'Perry', 54000, 'M', 'Night', '654 Elm St, Boston', 'Technician'),
(81160379, 'Amelia', 'Grace', 'Smith', 52000, 'F', 'Day', '876 Elm Rd, Washington', 'Traffic Controller'),
(81160380, 'Alexander', 'Elijah', 'Hansen', 53000, 'M', 'Night', '234 Elm St, Chicago', 'Technician'),
(81160381, 'Ella', 'Sophia', 'Gomez', 52000, 'F', 'Day', '654 Elm Rd, New York', 'Technician'),
(81160382, 'Evelyn', 'Lily', 'Brown', 53000, 'F', 'Night', '876 Pine St, Los Angeles', 'Traffic Controller'),
(81160383, 'Ethan', 'Benjamin', 'Ward', 52000, 'M', 'Day', '543 Elm St, Dallas', 'Technician'),
(81160384, 'Sophia', 'Grace', 'Sanders', 54000, 'F', 'Night', '654 Cedar Ln, San Francisco', 'Technician'),
(81160385, 'Aiden', 'Liam', 'Murray', 52000, 'M', 'Day', '876 Oak Ave, Houston', 'Traffic Controller'),
(81160386, 'Emma', 'Sophia', 'Hayes', 53000, 'F', 'Night', '654 Elm Rd, Miami', 'Technician'),
(81160387, 'Ethan', 'Benjamin', 'Perry', 52000, 'M', 'Day', '987 Cedar Ln, Orlando', 'Traffic Controller'),
(81160388, 'Amelia', 'Grace', 'Smith', 54000, 'F', 'Night', '234 Elm St, Los Angeles', 'Technician'),
(81160389, 'Alexander', 'Elijah', 'Gomez', 52000, 'M', 'Day', '654 Elm Rd, Dallas', 'Technician'),
(81160390, 'Ella', 'Sophia', 'Reyes', 52000, 'F', 'Day', '654 Elm St, Miami', 'Technician'),
(81160391, 'Evelyn', 'Lily', 'Brown', 53000, 'F', 'Night', '876 Pine St, Orlando', 'Technician'),
(81160392, 'Ethan', 'Benjamin', 'Ward', 52000, 'M', 'Day', '543 Elm St, Los Angeles', 'Technician'),
(81160393, 'Sophia', 'Grace', 'Sanders', 54000, 'F', 'Night', '654 Elm Rd, Dallas', 'Technician'),
(81160394, 'Aiden', 'Liam', 'Murray', 52000, 'M', 'Day', '876 Oak Ave, San Francisco', 'Technician'),
(81160395, 'Emma', 'Sophia', 'Hayes', 53000, 'F', 'Night', '234 Pine St, Houston', 'Technician'),
(81160396, 'Ethan', 'Benjamin', 'Perry', 52000, 'M', 'Day', '654 Elm St, Miami', 'Technician'),
(81160397, 'Amelia', 'Grace', 'Smith', 54000, 'F', 'Night', '876 Elm Rd, Orlando', 'Technician'),
(81160398, 'Alexander', 'Elijah', 'Hansen', 52000, 'M', 'Day', '654 Elm St, Atlanta', 'Technician'),
(81160399, 'Ella', 'Sophia', 'Gomez', 53000, 'F', 'Night', '876 Cedar Ln, San Antonio', 'Technician'),
(81160400, 'Evelyn', 'Lily', 'Brown', 52000, 'F', 'Day', '543 Elm St, Minneapolis', 'Technician'),
(81160401, 'Ethan', 'Benjamin', 'Ward', 54000, 'M', 'Night', '654 Elm Rd, Detroit', 'Technician'),
(81160402, 'Sophia', 'Grace', 'Sanders', 52000, 'F', 'Day', '876 Pine St, Las Vegas', 'Technician'),
(81160403, 'Aiden', 'Liam', 'Murray', 53000, 'M', 'Night', '654 Elm Rd, San Francisco', 'Technician'),
(81160404, 'Emma', 'Sophia', 'Hayes', 52000, 'F', 'Day', '987 Cedar Ln, Nashville', 'Technician'),
(81160405, 'Ethan', 'Benjamin', 'Perry', 54000, 'M', 'Night', '654 Elm St, Atlanta', 'Technician'),
(81160406, 'Amelia', 'Grace', 'Smith', 52000, 'F', 'Day', '876 Elm Rd, Orlando', 'Technician'),
(81160407, 'Alexander', 'Elijah', 'Hansen', 53000, 'M', 'Night', '654 Elm Rd, Boston', 'Technician'),
(81160408, 'Ella', 'Sophia', 'Gomez', 52000, 'F', 'Day', '234 Elm St, Washington', 'Technician'),
(81160409, 'Evelyn', 'Lily', 'Brown', 53000, 'F', 'Night', '876 Pine St, Chicago', 'Technician'),
(81160410, 'Ethan', 'Benjamin', 'Ward', 52000, 'M', 'Day', '543 Elm St, New York', 'Technician'),
(81160411, 'Sophia', 'Grace', 'Sanders', 54000, 'F', 'Night', '654 Elm Rd, Los Angeles', 'Technician'),
(81160412, 'Aiden', 'Liam', 'Murray', 52000, 'M', 'Day', '876 Oak Ave, Dallas', 'Technician'),
(81160413, 'Emma', 'Sophia', 'Hayes', 53000, 'F', 'Night', '234 Pine St, San Francisco', 'Technician'),
(81160414, 'Ethan', 'Benjamin', 'Perry', 52000, 'M', 'Day', '654 Elm St, Houston', 'Technician'),
(81160415, 'Amelia', 'Grace', 'Smith', 54000, 'F', 'Night', '876 Elm Rd, Miami', 'Technician'),
(81160416, 'Alexander', 'Elijah', 'Hansen', 52000, 'M', 'Day', '654 Elm Rd, Orlando', 'Technician'),
(81160417, 'Ella', 'Sophia', 'Gomez', 53000, 'F', 'Night', '876 Cedar Ln, Los Angeles', 'Technician'),
(81160418, 'Evelyn', 'Lily', 'Brown', 52000, 'F', 'Day', '543 Elm St, Dallas', 'Technician'),
(81160419, 'Ethan', 'Benjamin', 'Ward', 54000, 'M', 'Night', '654 Elm Rd, Miami', 'Technician'),
(81160420, 'Sophia', 'Grace', 'Sanders', 52000, 'F', 'Day', '876 Pine St, Orlando', 'Technician'),
(81160421, 'Ethan', 'Benjamin', 'Perry', 52000, 'M', 'Day', '654 Elm St, Miami', 'Technician'),
(81160422, 'Amelia', 'Grace', 'Smith', 54000, 'F', 'Night', '876 Elm Rd, Orlando', 'Technician'),
(81160423, 'Alexander', 'Elijah', 'Hansen', 52000, 'M', 'Day', '654 Elm St, Atlanta', 'Technician'),
(81160424, 'Ella', 'Sophia', 'Gomez', 53000, 'F', 'Night', '876 Cedar Ln, San Antonio', 'Technician'),
(81160425, 'Evelyn', 'Lily', 'Brown', 52000, 'F', 'Day', '543 Elm St, Minneapolis', 'Technician'),
(81160426, 'Ethan', 'Benjamin', 'Ward', 54000, 'M', 'Night', '654 Elm Rd, Detroit', 'Technician'),
(81160427, 'Sophia', 'Grace', 'Sanders', 52000, 'F', 'Day', '876 Pine St, Las Vegas', 'Technician'),
(81160428, 'Aiden', 'Liam', 'Murray', 53000, 'M', 'Night', '654 Elm Rd, San Francisco', 'Technician'),
(81160429, 'Emma', 'Sophia', 'Hayes', 52000, 'F', 'Day', '987 Cedar Ln, Nashville', 'Technician'),
(81160430, 'Ethan', 'Benjamin', 'Perry', 54000, 'M', 'Night', '654 Elm St, Atlanta', 'Technician'),
(81160431, 'Amelia', 'Grace', 'Smith', 52000, 'F', 'Day', '876 Elm Rd, Orlando', 'Technician'),
(81160432, 'Alexander', 'Elijah', 'Hansen', 53000, 'M', 'Night', '654 Elm Rd, Boston', 'Technician'),
(81160433, 'Ella', 'Sophia', 'Gomez', 52000, 'F', 'Day', '234 Elm St, Washington', 'Technician'),
(81160434, 'Evelyn', 'Lily', 'Brown', 53000, 'F', 'Night', '876 Pine St, Chicago', 'Technician'),
(81160435, 'Ethan', 'Benjamin', 'Ward', 52000, 'M', 'Day', '543 Elm St, New York', 'Technician'),
(81160436, 'Sophia', 'Grace', 'Sanders', 54000, 'F', 'Night', '654 Elm Rd, Los Angeles', 'Technician'),
(81160437, 'Aiden', 'Liam', 'Murray', 52000, 'M', 'Day', '876 Oak Ave, Dallas', 'Technician'),
(81160438, 'Emma', 'Sophia', 'Hayes', 53000, 'F', 'Night', '234 Pine St, San Francisco', 'Technician'),
(81160439, 'Ethan', 'Benjamin', 'Perry', 52000, 'M', 'Day', '654 Elm St, Houston', 'Technician'),
(81160440, 'Amelia', 'Grace', 'Smith', 54000, 'F', 'Night', '876 Elm Rd, Miami', 'Technician'),
(81160441, 'Alexander', 'Elijah', 'Hansen', 52000, 'M', 'Day', '654 Elm Rd, Orlando', 'Technician'),
(81160442, 'Ella', 'Sophia', 'Gomez', 53000, 'F', 'Night', '876 Cedar Ln, Los Angeles', 'Technician'),
(81160443, 'Evelyn', 'Lily', 'Brown', 52000, 'F', 'Day', '543 Elm St, Dallas', 'Technician'),
(81160444, 'Ethan', 'Benjamin', 'Ward', 54000, 'M', 'Night', '654 Elm Rd, Miami', 'Technician'),
(81160445, 'Sophia', 'Grace', 'Sanders', 52000, 'F', 'Day', '876 Pine St, Orlando', 'Technician'),
(81160446, 'Aiden', 'Liam', 'Murray', 53000, 'M', 'Night', '654 Elm Rd, New York', 'Technician'),
(81160447, 'Emma', 'Sophia', 'Hayes', 52000, 'F', 'Day', '987 Cedar Ln, Nashville', 'Technician'),
(81160448, 'Ethan', 'Benjamin', 'Perry', 54000, 'M', 'Night', '654 Elm St, Atlanta', 'Technician'),
(81160449, 'Amelia', 'Grace', 'Smith', 52000, 'F', 'Day', '876 Elm Rd, Orlando', 'Technician'),
(81160450, 'Alexander', 'Elijah', 'Hansen', 53000, 'M', 'Night', '654 Elm Rd, Boston', 'Technician'),
(81160451, 'Ella', 'Sophia', 'Gomez', 52000, 'F', 'Day', '234 Elm St, Washington', 'Technician'),
(81160452, 'Evelyn', 'Lily', 'Brown', 53000, 'F', 'Night', '876 Pine St, Chicago', 'Technician'),
(81160453, 'Ethan', 'Benjamin', 'Ward', 52000, 'M', 'Day', '543 Elm St, New York', 'Technician'),
(81160454, 'Sophia', 'Grace', 'Sanders', 54000, 'F', 'Night', '654 Elm Rd, Los Angeles', 'Technician'),
(81160455, 'Aiden', 'Liam', 'Murray', 52000, 'M', 'Day', '876 Oak Ave, Dallas', 'Technician'),
(81160456, 'Emma', 'Sophia', 'Hayes', 53000, 'F', 'Night', '234 Pine St, San Francisco', 'Technician'),
(81160457, 'Ethan', 'Benjamin', 'Perry', 52000, 'M', 'Day', '654 Elm St, Houston', 'Technician'),
(81160458, 'Amelia', 'Grace', 'Smith', 54000, 'F', 'Night', '876 Elm Rd, Miami', 'Technician'),
(81160459, 'Alexander', 'Elijah', 'Hansen', 52000, 'M', 'Day', '654 Elm Rd, Orlando', 'Technician'),
(81160460, 'Ella', 'Sophia', 'Gomez', 53000, 'F', 'Night', '876 Cedar Ln, Los Angeles', 'Technician'),
(81160461, 'Evelyn', 'Lily', 'Brown', 52000, 'F', 'Day', '543 Elm St, Dallas', 'Technician'),
(81160462, 'Ethan', 'Benjamin', 'Ward', 54000, 'M', 'Night', '654 Elm Rd, Miami', 'Technician'),
(81160463, 'Sophia', 'Grace', 'Sanders', 52000, 'F', 'Day', '876 Pine St, Orlando', 'Technician'),
(81160464, 'Aiden', 'Liam', 'Murray', 53000, 'M', 'Night', '654 Elm Rd, New York', 'Technician'),
(81160465, 'Emma', 'Sophia', 'Hayes', 52000, 'F', 'Day', '987 Cedar Ln, Nashville', 'Technician'),
(81160466, 'Ethan', 'Benjamin', 'Perry', 54000, 'M', 'Night', '654 Elm St, Atlanta', 'Technician'),
(81160467, 'Amelia', 'Grace', 'Smith', 52000, 'F', 'Day', '876 Elm Rd, Orlando', 'Technician'),
(81160468, 'Alexander', 'Elijah', 'Hansen', 53000, 'M', 'Night', '654 Elm Rd, Boston', 'Technician'),
(81160469, 'Ella', 'Sophia', 'Gomez', 52000, 'F', 'Day', '234 Elm St, Washington', 'Technician'),
(81160470, 'Evelyn', 'Lily', 'Brown', 53000, 'F', 'Night', '876 Pine St, Chicago', 'Technician'),
(81160471, 'Ethan', 'Benjamin', 'Ward', 52000, 'M', 'Day', '543 Elm St, New York', 'Technician'),
(81160472, 'Sophia', 'Grace', 'Sanders', 54000, 'F', 'Night', '654 Elm Rd, Los Angeles', 'Technician'),
(81160473, 'Aiden', 'Liam', 'Murray', 52000, 'M', 'Day', '876 Oak Ave, Dallas', 'Technician'),
(81160474, 'Emma', 'Sophia', 'Hayes', 53000, 'F', 'Night', '234 Pine St, San Francisco', 'Technician'),
(81160475, 'Ethan', 'Benjamin', 'Perry', 52000, 'M', 'Day', '654 Elm St, Houston', 'Technician'),
(81160476, 'Amelia', 'Grace', 'Smith', 54000, 'F', 'Night', '876 Elm Rd, Miami', 'Technician'),
(81160477, 'Alexander', 'Elijah', 'Hansen', 52000, 'M', 'Day', '654 Elm Rd, Orlando', 'Technician'),
(81160478, 'Ella', 'Sophia', 'Gomez', 53000, 'F', 'Night', '876 Cedar Ln, Los Angeles', 'Technician'),
(81160479, 'Evelyn', 'Lily', 'Brown', 52000, 'F', 'Day', '543 Elm St, Dallas', 'Technician'),
(81160480, 'Ethan', 'Benjamin', 'Ward', 54000, 'M', 'Night', '654 Elm Rd, Miami', 'Technician'),
(81160481, 'Sophia', 'Grace', 'Sanders', 52000, 'F', 'Day', '876 Pine St, Orlando', 'Technician'),
(81160482, 'Aiden', 'Liam', 'Murray', 53000, 'M', 'Night', '654 Elm Rd, New York', 'Technician'),
(81160483, 'Emma', 'Sophia', 'Hayes', 52000, 'F', 'Day', '987 Cedar Ln, Nashville', 'Technician'),
(81160484, 'Ethan', 'Benjamin', 'Perry', 54000, 'M', 'Night', '654 Elm St, Atlanta', 'Technician'),
(81160485, 'Amelia', 'Grace', 'Smith', 52000, 'F', 'Day', '876 Elm Rd, Orlando', 'Technician'),
(81160486, 'Alexander', 'Elijah', 'Hansen', 53000, 'M', 'Night', '654 Elm Rd, Boston', 'Technician'),
(81160487, 'Ella', 'Sophia', 'Gomez', 52000, 'F', 'Day', '234 Elm St, Washington', 'Technician'),
(81160488, 'Evelyn', 'Lily', 'Brown', 53000, 'F', 'Night', '876 Pine St, Chicago', 'Technician'),
(81160489, 'Ethan', 'Benjamin', 'Ward', 52000, 'M', 'Day', '543 Elm St, New York', 'Technician'),
(81160490, 'Sophia', 'Grace', 'Sanders', 54000, 'F', 'Night', '654 Elm Rd, Los Angeles', 'Technician'),
(81160491, 'Aiden', 'Liam', 'Murray', 52000, 'M', 'Day', '876 Oak Ave, Dallas', 'Technician'),
(81160492, 'Emma', 'Sophia', 'Hayes', 53000, 'F', 'Night', '234 Pine St, San Francisco', 'Technician'),
(81160493, 'Ethan', 'Benjamin', 'Perry', 52000, 'M', 'Day', '654 Elm St, Houston', 'Technician'),
(81160494, 'Amelia', 'Grace', 'Smith', 54000, 'F', 'Night', '876 Elm Rd, Miami', 'Technician'),
(81160495, 'Alexander', 'Elijah', 'Hansen', 52000, 'M', 'Day', '654 Elm Rd, Orlando', 'Technician'),
(81160496, 'Ella', 'Sophia', 'Gomez', 53000, 'F', 'Night', '876 Cedar Ln, Los Angeles', 'Technician'),
(81160497, 'Evelyn', 'Lily', 'Brown', 52000, 'F', 'Day', '543 Elm St, Dallas', 'Technician'),
(81160498, 'Ethan', 'Benjamin', 'Ward', 54000, 'M', 'Night', '654 Elm Rd, Miami', 'Technician'),
(81160499, 'Sophia', 'Grace', 'Sanders', 52000, 'F', 'Day', '876 Pine St, Orlando', 'Technician'),
(81160500, 'Aiden', 'Liam', 'Murray', 53000, 'M', 'Night', '654 Elm Rd, New York', 'Technician');

INSERT INTO `airport_dbms`.`Works_on` (`Employee_ID`, `Registration_number`)
VALUES
(81160001,1069),
(81160003,1150),
(81160005,1070),
(81160007,1024),
(81160009,1041),
(81160011,1005),
(81160013,1018),
(81160015,1095),
(81160017,1126),
(81160019,1099),
(81160021,1131),
(81160023,1013),
(81160025,1107),
(81160027,1100),
(81160029,1117),
(81160031,1051),
(81160033,1049),
(81160035,1001),
(81160037,1058),
(81160039,1145),
(81160041,1110),
(81160043,1116),
(81160045,1062),
(81160047,1066),
(81160049,1084),
(81160051,1079),
(81160053,1139),
(81160055,1035),
(81160057,1088),
(81160059,1034),
(81160061,1077),
(81160063,1142),
(81160065,1050),
(81160067,1016),
(81160069,1125),
(81160071,1038),
(81160073,1056),
(81160075,1104),
(81160077,1118),
(81160079,1067),
(81160081,1004),
(81160083,1127),
(81160085,1098),
(81160087,1119),
(81160089,1002),
(81160091,1123),
(81160093,1147),
(81160095,1136),
(81160097,1086),
(81160099,1135),
(81160101,1030),
(81160103,1075),
(81160105,1007),
(81160107,1048),
(81160109,1011),
(81160111,1108),
(81160113,1043),
(81160115,1106),
(81160117,1027),
(81160119,1080),
(81160121,1020),
(81160123,1085),
(81160125,1063),
(81160127,1082),
(81160129,1010),
(81160131,1052),
(81160133,1113),
(81160135,1032),
(81160137,1053),
(81160139,1133),
(81160141,1083),
(81160143,1120),
(81160145,1065),
(81160147,1039),
(81160150,1015),
(81160152,1042),
(81160154,1022),
(81160156,1045),
(81160158,1071),
(81160160,1105),
(81160162,1096),
(81160164,1114),
(81160166,1137),
(81160168,1072),
(81160170,1138),
(81160172,1037),
(81160174,1017),
(81160176,1092),
(81160178,1031),
(81160181,1091),
(81160183,1054),
(81160185,1006),
(81160187,1129),
(81160189,1146),
(81160191,1021),
(81160193,1090),
(81160195,1076),
(81160197,1094),
(81160199,1143),
(81160201,1074),
(81160203,1115),
(81160205,1141),
(81160207,1060),
(81160209,1025),
(81160011,1012),
(81160013,1073),
(81160015,1081),
(81160017,1109),
(81160019,1140),
(81160021,1061),
(81160023,1064),
(81160025,1044),
(81160027,1101),
(81160029,1014),
(81160031,1019),
(81160033,1008),
(81160035,1102),
(81160207,1009),
(81160209,1149),
(81160011,1093),
(81160013,1029),
(81160015,1132),
(81160017,1097),
(81160019,1148),
(81160021,1087),
(81160023,1055),
(81160025,1023),
(81160027,1122),
(81160067,1124),
(81160069,1036),
(81160071,1059),
(81160073,1047),
(81160075,1078),
(81160077,1144),
(81160079,1121),
(81160081,1026),
(81160083,1003),
(81160085,1103),
(81160087,1040),
(81160089,1033),
(81160091,1068),
(81160093,1089),
(81160095,1111),
(81160097,1134),
(81160099,1128),
(81160101,1028),
(81160103,1046),
(81160105,1112),
(81160107,1130),
(81160109,1057),
(81160004,1069),
(81160008,1150),
(81160012,1070),
(81160016,1024),
(81160020,1041),
(81160024,1005),
(81160028,1018),
(81160034,1095),
(81160038,1126),
(81160042,1099),
(81160046,1131),
(81160050,1013),
(81160054,1107),
(81160058,1100),
(81160064,1117),
(81160068,1051),
(81160072,1049),
(81160076,1001),
(81160080,1058),
(81160084,1145),
(81160088,1110),
(81160094,1116),
(81160098,1062),
(81160102,1066),
(81160106,1084),
(81160110,1079),
(81160114,1139),
(81160118,1035),
(81160122,1088),
(81160126,1034),
(81160130,1077),
(81160134,1142),
(81160138,1050),
(81160142,1016),
(81160146,1125),
(81160151,1038),
(81160155,1056),
(81160159,1104),
(81160163,1118),
(81160167,1067),
(81160171,1004),
(81160175,1127),
(81160179,1098),
(81160182,1119),
(81160186,1002),
(81160190,1123),
(81160194,1147),
(81160198,1136),
(81160202,1086),
(81160206,1135),
(81160210,1030),
(81160271,1075),
(81160272,1007),
(81160273,1048),
(81160274,1011),
(81160275,1108),
(81160276,1043),
(81160277,1106),
(81160278,1027),
(81160279,1080),
(81160280,1020),
(81160281,1085),
(81160282,1063),
(81160283,1082),
(81160284,1010),
(81160285,1052),
(81160286,1113),
(81160287,1032),
(81160288,1053),
(81160289,1133),
(81160290,1083),
(81160291,1120),
(81160292,1065),
(81160293,1039),
(81160294,1015),
(81160295,1042),
(81160296,1022),
(81160297,1045),
(81160298,1071),
(81160299,1105),
(81160300,1096),
(81160303,1114),
(81160306,1137),
(81160310,1072),
(81160314,1138),
(81160316,1037),
(81160318,1017),
(81160321,1092),
(81160323,1031),
(81160326,1091),
(81160329,1054),
(81160331,1006),
(81160333,1129),
(81160336,1146),
(81160338,1021),
(81160340,1090),
(81160343,1076),
(81160345,1094),
(81160347,1143),
(81160350,1074),
(81160353,1115),
(81160356,1141),
(81160358,1060),
(81160361,1025),
(81160364,1012),
(81160366,1073),
(81160369,1081),
(81160372,1109),
(81160374,1140),
(81160377,1061),
(81160379,1064),
(81160382,1044),
(81160385,1101),
(81160387,1014),
(81160282,1019),
(81160283,1008),
(81160284,1102),
(81160285,1009),
(81160286,1149),
(81160287,1093),
(81160288,1029),
(81160289,1132),
(81160290,1097),
(81160291,1148),
(81160292,1087),
(81160273,1055),
(81160274,1023),
(81160275,1122),
(81160276,1124),
(81160277,1036),
(81160278,1059),
(81160279,1047),
(81160280,1078),
(81160281,1144),
(81160282,1121),
(81160283,1026),
(81160122,1003),
(81160126,1103),
(81160130,1040),
(81160134,1033),
(81160138,1068),
(81160142,1089),
(81160146,1111),
(81160151,1134),
(81160350,1128),
(81160353,1028),
(81160356,1046),
(81160281,1112),
(81160282,1130),
(81160283,1057),
(81160002,1069),
(81160006,1150),
(81160010,1070),
(81160014,1024),
(81160018,1041),
(81160022,1005),
(81160026,1018),
(81160030,1095),
(81160032,1126),
(81160036,1099),
(81160040,1131),
(81160044,1013),
(81160048,1107),
(81160052,1100),
(81160056,1117),
(81160060,1051),
(81160062,1049),
(81160066,1001),
(81160070,1058),
(81160074,1145),
(81160078,1110),
(81160082,1116),
(81160086,1062),
(81160090,1066),
(81160092,1084),
(81160096,1079),
(81160100,1139),
(81160104,1035),
(81160108,1088),
(81160112,1034),
(81160116,1077),
(81160120,1142),
(81160124,1050),
(81160128,1016),
(81160132,1125),
(81160136,1038),
(81160140,1056),
(81160144,1104),
(81160148,1118),
(81160149,1067),
(81160153,1004),
(81160157,1127),
(81160161,1098),
(81160165,1119),
(81160169,1002),
(81160173,1123),
(81160177,1147),
(81160180,1136),
(81160184,1086),
(81160188,1135),
(81160192,1030),
(81160196,1075),
(81160200,1007),
(81160204,1048),
(81160208,1011),
(81160211,1108),
(81160212,1043),
(81160213,1106),
(81160214,1027),
(81160215,1080),
(81160216,1020),
(81160217,1085),
(81160218,1063),
(81160219,1082),
(81160220,1010),
(81160221,1052),
(81160222,1113),
(81160223,1032),
(81160224,1053),
(81160225,1133),
(81160226,1083),
(81160227,1120),
(81160228,1065),
(81160229,1039),
(81160230,1015),
(81160231,1042),
(81160232,1022),
(81160233,1045),
(81160234,1071),
(81160235,1105),
(81160236,1096),
(81160237,1114),
(81160238,1137),
(81160239,1072),
(81160240,1138),
(81160241,1037),
(81160242,1017),
(81160243,1092),
(81160244,1031),
(81160245,1091),
(81160246,1054),
(81160247,1006),
(81160248,1129),
(81160249,1146),
(81160169,1021),
(81160173,1090),
(81160177,1076),
(81160180,1094),
(81160184,1143),
(81160188,1074),
(81160192,1115),
(81160196,1141),
(81160200,1060),
(81160204,1025),
(81160208,1012),
(81160211,1073),
(81160212,1081),
(81160213,1109),
(81160214,1140),
(81160215,1061),
(81160216,1064),
(81160217,1044),
(81160218,1101),
(81160219,1014),
(81160220,1019),
(81160221,1008),
(81160222,1102),
(81160223,1009),
(81160224,1149),
(81160225,1093),
(81160226,1029),
(81160227,1132),
(81160228,1097),
(81160229,1148),
(81160230,1087),
(81160231,1055),
(81160232,1023),
(81160233,1122),
(81160234,1124),
(81160235,1036),
(81160236,1059),
(81160237,1047),
(81160238,1078),
(81160239,1144),
(81160240,1121),
(81160241,1026),
(81160242,1003),
(81160243,1103),
(81160244,1040),
(81160245,1033),
(81160246,1068),
(81160247,1089),
(81160248,1111),
(81160249,1134),
(81160180,1128),
(81160184,1028),
(81160188,1046),
(81160192,1112),
(81160196,1130),
(81160200,1057),
(81160250,1069),
(81160251,1150),
(81160252,1070),
(81160253,1024),
(81160254,1041),
(81160255,1005),
(81160256,1018),
(81160257,1095),
(81160258,1126),
(81160259,1099),
(81160260,1131),
(81160261,1013),
(81160262,1107),
(81160263,1100),
(81160264,1117),
(81160265,1051),
(81160266,1049),
(81160267,1001),
(81160268,1058),
(81160269,1145),
(81160270,1110),
(81160301,1116),
(81160302,1062),
(81160304,1066),
(81160305,1084),
(81160307,1079),
(81160308,1139),
(81160309,1035),
(81160311,1088),
(81160312,1034),
(81160313,1077),
(81160315,1142),
(81160317,1050),
(81160319,1016),
(81160320,1125),
(81160322,1038),
(81160324,1056),
(81160325,1104),
(81160327,1118),
(81160328,1067),
(81160330,1004),
(81160332,1127),
(81160334,1098),
(81160335,1119),
(81160337,1002),
(81160339,1123),
(81160341,1147),
(81160342,1136),
(81160344,1086),
(81160346,1135),
(81160348,1030),
(81160349,1075),
(81160351,1007),
(81160352,1048),
(81160354,1011),
(81160355,1108),
(81160357,1043),
(81160359,1106),
(81160360,1027),
(81160362,1080),
(81160363,1020),
(81160365,1085),
(81160367,1063),
(81160368,1082),
(81160370,1010),
(81160371,1052),
(81160373,1113),
(81160375,1032),
(81160376,1053),
(81160378,1133),
(81160380,1083),
(81160381,1120),
(81160383,1065),
(81160384,1039),
(81160386,1015),
(81160388,1042),
(81160389,1022),
(81160390,1045),
(81160391,1071),
(81160392,1105),
(81160393,1096),
(81160394,1114),
(81160395,1137),
(81160396,1072),
(81160397,1138),
(81160398,1037),
(81160399,1017),
(81160400,1092),
(81160401,1031),
(81160402,1091),
(81160403,1054),
(81160404,1006),
(81160405,1129),
(81160406,1146),
(81160256,1021),
(81160257,1090),
(81160258,1076),
(81160259,1094),
(81160260,1143),
(81160261,1074),
(81160262,1115),
(81160263,1141),
(81160264,1060),
(81160265,1025),
(81160266,1012),
(81160267,1073),
(81160268,1081),
(81160269,1109),
(81160270,1140),
(81160301,1061),
(81160302,1064),
(81160304,1044),
(81160305,1101),
(81160307,1014),
(81160308,1019),
(81160309,1008),
(81160311,1102),
(81160312,1009),
(81160313,1149),
(81160315,1093),
(81160317,1029),
(81160319,1132),
(81160320,1097),
(81160322,1148),
(81160324,1087),
(81160325,1055),
(81160327,1023),
(81160328,1122),
(81160330,1124),
(81160332,1036),
(81160334,1059),
(81160335,1047),
(81160337,1078),
(81160339,1144),
(81160341,1121),
(81160342,1026),
(81160344,1003),
(81160346,1103),
(81160348,1040),
(81160349,1033),
(81160351,1068),
(81160352,1089),
(81160354,1111),
(81160355,1134),
(81160357,1128),
(81160359,1028),
(81160360,1046),
(81160362,1112),
(81160363,1130),
(81160355,1057),
(81160407,1069),
(81160408,1150),
(81160409,1070),
(81160410,1024),
(81160411,1041),
(81160412,1005),
(81160413,1018),
(81160414,1095),
(81160415,1126),
(81160416,1099),
(81160417,1131),
(81160418,1013),
(81160419,1107),
(81160420,1100),
(81160421,1117),
(81160422,1051),
(81160423,1049),
(81160424,1001),
(81160425,1058),
(81160426,1145),
(81160427,1110),
(81160428,1116),
(81160429,1062),
(81160430,1066),
(81160431,1084),
(81160432,1079),
(81160433,1139),
(81160434,1035),
(81160435,1088),
(81160436,1034),
(81160437,1077),
(81160438,1142),
(81160439,1050),
(81160440,1016),
(81160441,1125),
(81160442,1038),
(81160443,1056),
(81160444,1104),
(81160445,1118),
(81160446,1067),
(81160447,1004),
(81160448,1127),
(81160449,1098),
(81160450,1119),
(81160451,1002),
(81160452,1123),
(81160453,1147),
(81160454,1136),
(81160455,1086),
(81160456,1135),
(81160457,1030),
(81160458,1075),
(81160459,1007),
(81160460,1048),
(81160461,1011),
(81160462,1108),
(81160463,1043),
(81160464,1106),
(81160465,1027),
(81160466,1080),
(81160467,1020),
(81160468,1085),
(81160469,1063),
(81160470,1082),
(81160471,1010),
(81160472,1052),
(81160473,1113),
(81160474,1032),
(81160475,1053),
(81160476,1133),
(81160477,1083),
(81160478,1120),
(81160479,1065),
(81160480,1039),
(81160481,1015),
(81160482,1042),
(81160483,1022),
(81160484,1045),
(81160485,1071),
(81160486,1105),
(81160487,1096),
(81160488,1114),
(81160489,1137),
(81160490,1072),
(81160491,1138),
(81160492,1037),
(81160493,1017),
(81160494,1092),
(81160495,1031),
(81160496,1091),
(81160497,1054),
(81160498,1006),
(81160499,1129),
(81160500,1146),
(81160415,1021),
(81160416,1090),
(81160417,1076),
(81160418,1094),
(81160419,1143),
(81160420,1074),
(81160421,1115),
(81160422,1141),
(81160423,1060),
(81160424,1025),
(81160425,1012),
(81160426,1073),
(81160427,1081),
(81160428,1109),
(81160429,1140),
(81160430,1061),
(81160431,1064),
(81160432,1044),
(81160433,1101),
(81160434,1014),
(81160435,1019),
(81160436,1008),
(81160437,1102),
(81160438,1009),
(81160439,1149),
(81160440,1093),
(81160441,1029),
(81160442,1132),
(81160443,1097),
(81160444,1148),
(81160445,1087),
(81160446,1055),
(81160447,1023),
(81160448,1122),
(81160449,1124),
(81160450,1036),
(81160451,1059),
(81160452,1047),
(81160453,1078),
(81160454,1144),
(81160455,1121),
(81160456,1026),
(81160457,1003),
(81160458,1103),
(81160459,1040),
(81160460,1033),
(81160461,1068),
(81160462,1089),
(81160463,1111),
(81160464,1134),
(81160465,1128),
(81160466,1028),
(81160467,1046),
(81160468,1112),
(81160469,1130),
(81160470,1057);
